居住地,緯度（世界測地系）,経度（世界測地系）,情報源
アイルランド,,,
イギリス,,,
いすみ市,35.254075,140.385234,"https://www.google.com/maps/place/%E3%81%84%E3%81%99%E3%81%BF%E5%B8%82%E5%BD%B9%E6%89%80/@35.2539262,140.3826694,17z/data=!3m1!4b1!4m5!3m4!1s0x603d3526905fc2e1:0x4d22dad9c654e0bf!8m2!3d35.2539262!4d140.3848581"
いわき市,37.050552,140.888008,"https://www.google.com/maps/place/%E3%81%84%E3%82%8F%E3%81%8D%E5%B8%82%E5%BD%B9%E6%89%80/@37.0504026,140.8853474,17z/data=!3m1!4b1!4m5!3m4!1s0x602110f8ac3c2ccd:0xc1956017fe3bdddc!8m2!3d37.0503983!4d140.8875361"
インドネシア,,,
オホーツク総合振興局管内,44.0264904,144.2587682,"https://www.google.com/maps/place/%E3%82%AA%E3%83%9B%E3%83%BC%E3%83%84%E3%82%AF%E7%B7%8F%E5%90%88%E6%8C%AF%E8%88%88%E5%B1%80%EF%BC%88%E6%97%A7%E3%83%BB%E7%B6%B2%E8%B5%B0%E6%94%AF%E5%BA%81%EF%BC%89/@44.0264904,144.2587682,17z/data=!4m5!3m4!1s0x5f6d330a72724c0b:0x4cfdd5c9300137dd!8m2!3d44.0264904!4d144.2609569"
オホーツク総合振興局管内（北見市）,43.803985,143.895696,"https://www.google.com/maps/place/%E5%8C%97%E8%A6%8B%E5%B8%82%E5%BD%B9%E6%89%80/@43.8076283,143.8943324,16z/data=!4m8!1m2!2m1!1z5YyX6KaL5biC5b255omA!3m4!1s0x5f6d571ec3300003:0x964bb29f5a058fb9!8m2!3d43.8039479!4d143.8957672"
さいたま市,35.862008,139.645849,"https://www.google.com/maps/place/%E3%81%95%E3%81%84%E3%81%9F%E3%81%BE%E5%B8%82%E5%BD%B9%E6%89%80/@35.8618475,139.6430382,17z/data=!3m1!4b1!4m5!3m4!1s0x6018c1d40392f437:0x2ecb55398cf67a72!8m2!3d35.8618432!4d139.6452269"
スペイン,,,
つくばみらい市,35.963461,140.038424,"https://www.google.com/maps/place/%E3%81%A4%E3%81%8F%E3%81%B0%E3%81%BF%E3%82%89%E3%81%84%E5%B8%82%E5%BD%B9%E6%89%80+%E4%BC%8A%E5%A5%88%E5%BA%81%E8%88%8E/@35.9763642,140.0149069,15z/data=!4m8!1m2!2m1!1z44Gk44GP44Gw44G_44KJ44GE5biC5b255omA!3m4!1s0x60227595ca255e17:0xd645d145ef164d05!8m2!3d35.9627844!4d140.0367047"
つくば市,36.083659,140.076911,"https://www.google.com/maps/place/%E3%81%A4%E3%81%8F%E3%81%B0%E5%B8%82%E5%BD%B9%E6%89%80/@36.08349,140.0744536,17z/data=!3m1!4b1!4m5!3m4!1s0x60220bbf1844aa3d:0x95e8ca2c9cad1ec4!8m2!3d36.0834857!4d140.0766423"
つくば市（介護老人保険施設アレーテル・つくば）,36.180989,140.098007,"https://www.google.com/maps/place/%E3%82%A2%E3%83%AC%E3%83%BC%E3%83%86%E3%83%AB%E3%83%BB%E3%81%A4%E3%81%8F%E3%81%B0/@36.1801402,140.0975996,15z/data=!4m5!3m4!1s0x0:0x2a57947d4f5d0f3!8m2!3d36.1801402!4d140.0975996"
ときがわ町,36.008808,139.297524,"https://www.google.com/maps/place/%E3%81%A8%E3%81%8D%E3%81%8C%E3%82%8F%E7%94%BA%E5%BD%B9%E5%A0%B4/@36.0086561,139.2947989,17z/data=!3m1!4b1!4m5!3m4!1s0x601ed4b3280422ed:0xb2865a2d5260469e!8m2!3d36.0086518!4d139.2969876"
ひたちなか市,36.3893773,140.5131363,"https://www.google.com/maps/place/%E3%81%B2%E3%81%9F%E3%81%A1%E3%81%AA%E3%81%8B%E5%B8%82%E5%BD%B9%E6%89%80/@36.3893773,140.5131363,13z/data=!4m8!1m2!2m1!1z44Gy44Gf44Gh44Gq44GL5biC5b255omA!3m4!1s0x60222f0ace3daca3:0x14d74e16bcce62f5!8m2!3d36.3965613!4d140.5348614"
ふじみ野市,35.879707,139.520346,"https://www.google.com/maps/place/%E3%81%B5%E3%81%98%E3%81%BF%E9%87%8E%E5%B8%82%E5%BD%B9%E6%89%80/@35.8795546,139.5175775,17z/data=!3m1!4b1!4m5!3m4!1s0x6018dca82f5abb29:0xe479b900574d6c4e!8m2!3d35.8795503!4d139.5197662"
フランス,,,
みやき町,33.3249003,130.4541449,"https://www.google.com/maps/place/%E3%81%BF%E3%82%84%E3%81%8D%E7%94%BA%E5%BD%B9%E5%A0%B4/@33.3249003,130.4541449,19z/data=!4m5!3m4!1s0x3541badc57ba7b01:0x49dbccc79a6d3ffd!8m2!3d33.3249429!4d130.4546367"
阿蘇市,32.9520758,131.1190892,"https://www.google.com/maps/place/%E9%98%BF%E8%98%87%E5%B8%82%E5%BD%B9%E6%89%80/@32.9520758,131.1190892,17z/data=!4m5!3m4!1s0x354128aa1961ab5d:0x36842fdb3e69bff0!8m2!3d32.9520757!4d131.1212777"
愛南町,32.962172,132.583325,"https://www.google.com/maps/place/%E6%84%9B%E5%8D%97%E7%94%BA%E5%BD%B9%E5%A0%B4/@32.962168,132.5811373,17z/data=!3m1!4b1!4m5!3m4!1s0x354f567b28d826b1:0x4f1a6faa5c8ba74f!8m2!3d32.962168!4d132.583326"
旭川市,43.770636,142.364819,"https://www.google.com/maps/place/%E5%8C%97%E6%B5%B7%E9%81%93%E6%97%AD%E5%B7%9D%E5%B8%82/@43.750289,142.4448324,10z/data=!3m1!4b1!4m5!3m4!1s0x5f0ce70c9a820ac3:0x7e122dd6afc109b2!8m2!3d43.7708833!4d142.3650083"
芦屋市,34.726998,135.304019,"https://www.google.com/maps/place/%E8%8A%A6%E5%B1%8B%E5%B8%82%E5%BD%B9%E6%89%80/@34.7269957,135.3018292,17z/data=!3m1!4b1!4m5!3m4!1s0x6000f2d1f841760d:0x7cd1164b6bb8ac49!8m2!3d34.7269957!4d135.3040179"
安芸福祉保健所管内,33.502635,133.907589,"https://www.google.com/maps/place/%E5%AE%89%E8%8A%B8%E7%A6%8F%E7%A5%89%E4%BF%9D%E5%81%A5%E6%89%80/@33.5025943,133.9054637,17z/data=!4m8!1m2!2m1!1z5a6J6Iq456aP56WJ5L-d5YGl5omA!3m4!1s0x355207a7245151a5:0x20c7a5ca4e3b706c!8m2!3d33.5026321!4d133.9075896"
伊賀市,34.7493734,136.1401337,"https://www.google.com/maps/place/%E4%BC%8A%E8%B3%80%E5%B8%82%E5%BD%B9%E6%89%80/@34.7493734,136.1401337,17z/data=!3m1!4b1!4m5!3m4!1s0x600156c5886748c9:0x471c55dc283689b9!8m2!3d34.749369!4d136.1423224"
伊賀保健所管内,34.749919,136.143993,"https://www.google.com/maps/place/%E4%BC%8A%E8%B3%80%E4%BF%9D%E5%81%A5%E6%89%80+%E4%BF%9D%E5%81%A5%E8%A1%9B%E7%94%9F%E5%AE%A4%E7%B7%8F%E5%8B%99%E4%BC%81%E7%94%BB%E8%AA%B2/@34.74992,136.1418043,17z/data=!4m8!1m2!2m1!1z5LyK6LOA5L-d5YGl5omA!3m4!1s0x600156c5c60e4039:0x29ca8a75eb120083!8m2!3d34.74992!4d136.143993"
伊丹健康福祉事務所管内,34.783356,135.402121,"https://www.google.com/maps/place/%E9%98%AA%E7%A5%9E%E5%8C%97%E7%9C%8C%E6%B0%91%E5%B1%80%E4%BC%8A%E4%B8%B9%E5%81%A5%E5%BA%B7%E7%A6%8F%E7%A5%89%E4%BA%8B%E5%8B%99%E6%89%80/@34.7833598,135.4021233,21z/data=!4m8!1m2!2m1!1z5LyK5Li55YGl5bq356aP56WJ5LqL5YuZ5omA!3m4!1s0x0:0x79702fe3fe39d11!8m2!3d34.7833535!4d135.4021203"
伊丹市,34.784319,135.40081,"https://www.google.com/maps/place/%E4%BC%8A%E4%B8%B9%E5%B8%82%E5%BD%B9%E6%89%80/@34.7843175,135.3986223,17z/data=!3m1!4b1!4m5!3m4!1s0x6000f108d21b54e1:0x373513a47df3c72!8m2!3d34.7843175!4d135.400811"
伊万里市,33.2646674,129.8782624,"https://www.google.com/maps/place/%E4%BC%8A%E4%B8%87%E9%87%8C%E5%B8%82%E5%BD%B9%E6%89%80/@33.2646674,129.8782624,17z/data=!4m5!3m4!1s0x356a84684dcc196d:0x6cf03cc4fd38cfe9!8m2!3d33.2646677!4d129.8804509"
一宮市,35.303896,136.802913,"https://www.google.com/maps/place/%E4%B8%80%E5%AE%AE%E5%B8%82%E5%BD%B9%E6%89%80/@35.303895,136.8007243,17z/data=!3m1!4b1!4m5!3m4!1s0x6003a0cbbdd31373:0x581aced28322be1e!8m2!3d35.303895!4d136.802913"
一宮保健所管内,35.299633,136.809521,"https://www.google.com/maps/place/%E4%B8%80%E5%AE%AE%E4%BF%9D%E5%81%A5%E6%89%80/@35.299632,136.8073323,17z/data=!3m1!4b1!4m5!3m4!1s0x6003a0b9a2b0a82d:0x6ad8c72e467454!8m2!3d35.299632!4d136.809521"
壱岐市,33.749969,129.691356,"https://www.google.com/maps/place/%E5%A3%B1%E5%B2%90%E5%B8%82%E5%BD%B9%E6%89%80/@33.749967,129.6891683,17z/data=!3m1!4b1!4m5!3m4!1s0x356a1527d88363bd:0x3d49031872f96973!8m2!3d33.749967!4d129.691357"
稲沢市,35.248132,136.780166,"https://www.google.com/maps/place/%E7%A8%B2%E6%B2%A2%E5%B8%82%E5%BD%B9%E6%89%80/@35.248132,136.780166,15z/data=!4m5!3m4!1s0x0:0xd650203749337b04!8m2!3d35.248132!4d136.780166"
茨城県,36.341954,140.447135,"https://www.google.com/maps/place/%E8%8C%A8%E5%9F%8E%E7%9C%8C%E5%BA%81/@36.3418112,140.4450216,17z/data=!4m13!1m7!3m6!1s0x60222495f83aeceb:0xf6e6aed6f59d827f!2z44CSMzEwLTA4NTIg6Iyo5Z-O55yM5rC05oi45biC56yg5Y6f55S677yZ77yX77yY4oiS77yW!3b1!8m2!3d36.3418069!4d140.4472103!3m4!1s0x60222567598210a3:0x3592c17de659da3f!8m2!3d36.3417591!4d140.4467256"
茨城県県南地域,,,
茨木市,34.816133,135.56858,"https://www.google.com/maps/place/%E8%8C%A8%E6%9C%A8%E5%B8%82%E5%BD%B9%E6%89%80/@34.8520404,135.4809992,12z/data=!4m5!3m4!1s0x6000e2d14739f73b:0x7419990ea65f4574!8m2!3d34.8161321!4d135.5685803"
印西市,35.832473,140.146129,"https://www.google.com/maps/place/%E5%8D%B0%E8%A5%BF%E5%B8%82%E5%BD%B9%E6%89%80/@35.832351,140.1436293,17z/data=!3m1!4b1!4m5!3m4!1s0x60227c86c9a3801f:0x9f8694480f38fd9b!8m2!3d35.832351!4d140.145818"
羽曳野市,34.55834,135.606431,"https://www.google.com/maps/place/%E7%BE%BD%E6%9B%B3%E9%87%8E%E5%B8%82%E5%BD%B9%E6%89%80/@34.5581503,135.60391,17z/data=!3m1!4b1!4m5!3m4!1s0x600127fc11a71f49:0xe30ce16234158a4a!8m2!3d34.5581459!4d135.6060987"
臼杵市,33.125923,131.804715,"https://www.google.com/maps/place/%E3%80%92875-0041+%E5%A4%A7%E5%88%86%E7%9C%8C%E8%87%BC%E6%9D%B5%E5%B8%82%E6%B4%B2%E5%B4%8E+%E8%87%BC%E6%9D%B5%E5%B8%82%E5%BD%B9%E6%89%80/@33.1259186,131.8025252,17z/data=!3m1!4b1!4m5!3m4!1s0x3546847f30cf655f:0xf1f446aaf734c82a!8m2!3d33.1259186!4d131.8047139"
浦安市,35.653327,139.902565,"https://www.google.com/maps/place/%E6%B5%A6%E5%AE%89%E5%B8%82%E5%BD%B9%E6%89%80/@35.6530306,139.8998832,17z/data=!3m1!4b1!4m5!3m4!1s0x60187d9bc18938c9:0x574eb1dd88b22459!8m2!3d35.6530306!4d139.9020719"
浦添市,26.2458798,127.719676,"https://www.google.com/maps/place/Urasoe+City+Hall/@26.2458798,127.7196763,17z/data=!3m1!4b1!4m5!3m4!1s0x34e56b87c585ccb9:0x6d45c4f09fd2ca63!8m2!3d26.245875!4d127.721865"
越谷市,35.891084,139.790938,"https://www.google.com/maps/place/%E5%9F%BC%E7%8E%89%E7%9C%8C%E8%B6%8A%E8%B0%B7%E5%B8%82/@35.9067334,139.7925229,12z/data=!3m1!4b1!4m5!3m4!1s0x60189617e8b4d773:0xceda2ebeadc3fbc2!8m2!3d35.889699!4d139.7914855"
延岡市,32.5819079,131.6629578,"https://www.google.com/maps/place/Nobeoka+City+Hall/@32.5819079,131.6629578,17z/data=!3m1!4b1!4m5!3m4!1s0x354719493de0668f:0xc62e5821678c1558!8m2!3d32.5819034!4d131.6651465"
横須賀市,35.281503,139.672095,"https://www.google.com/maps/place/%E6%A8%AA%E9%A0%88%E8%B3%80%E5%B8%82%E5%BD%B9%E6%89%80/@35.2815015,139.6699056,17z/data=!3m1!4b1!4m5!3m4!1s0x6018400a9447ed27:0xb54c680af4ec2378!8m2!3d35.2815015!4d139.6720943"
横須賀市内,35.281503,139.672095,"https://www.google.com/maps/place/%E6%A8%AA%E9%A0%88%E8%B3%80%E5%B8%82%E5%BD%B9%E6%89%80/@35.2815015,139.6699056,17z/data=!3m1!4b1!4m5!3m4!1s0x6018400a9447ed27:0xb54c680af4ec2378!8m2!3d35.2815015!4d139.6720943"
横浜市,35.444101,139.638071,"https://www.google.com/maps/place/%E6%A8%AA%E6%B5%9C%E5%B8%82%E5%BD%B9%E6%89%80/@35.4440992,139.6358831,17z/data=!3m1!4b1!4m5!3m4!1s0x60185cf056de2d01:0xf4969e9c7dcc1376!8m2!3d35.4440992!4d139.6380718"
岡崎市,34.95479,137.17304,"https://www.google.com/maps/place/%E5%B2%A1%E5%B4%8E%E5%B8%82%E5%BD%B9%E6%89%80/@34.954792,137.1708483,17z/data=!3m1!4b1!4m5!3m4!1s0x6004bd2743d19029:0xdbc659a85dd03f29!8m2!3d34.954792!4d137.173037"
岡山県,34.661776,133.934675,"https://www.google.com/maps/place/%E5%B2%A1%E5%B1%B1%E7%9C%8C%E5%BA%81/@34.6617726,133.9324865,17z/data=!3m1!4b1!4m5!3m4!1s0x3554062e28a88b9f:0xebc5c5fb774fc417!8m2!3d34.6617726!4d133.9346752"
岡山市,34.655109,133.919565,"https://www.google.com/maps/place/%E5%B2%A1%E5%B1%B1%E5%B8%82%E5%BD%B9%E6%89%80/@34.6551067,133.9173771,17z/data=!3m1!4b1!4m5!3m4!1s0x355407b0d184facf:0xbc9aec4927274bf4!8m2!3d34.6551067!4d133.9195658"
桶川市,36.003123,139.558654,"https://www.google.com/maps/place/%E6%A1%B6%E5%B7%9D%E5%B8%82%E5%BD%B9%E6%89%80/@36.0028882,139.5561967,17z/data=!3m1!4b1!4m5!3m4!1s0x6018cf342754c28b:0x43c55e727572ab60!8m2!3d36.0028882!4d139.5583854"
乙訓保健所管内,34.940129,135.699155,"https://www.google.com/maps/place/%E4%BA%AC%E9%83%BD%E5%BA%9C%E4%B9%99%E8%A8%93%E4%BF%9D%E5%81%A5%E6%89%80/@34.940128,135.6969653,17z/data=!3m1!4b1!4m5!3m4!1s0x6001043c10a59c71:0x9d05c3c807262cc8!8m2!3d34.940128!4d135.699154"
下関市,33.957836,130.941526,"https://www.google.com/maps/place/%E4%B8%8B%E9%96%A2%E5%B8%82%E5%BD%B9%E6%89%80/@33.9578345,130.9393366,17z/data=!3m1!4b1!4m5!3m4!1s0x3543bd9efb2e5989:0x2ba3c91d03939cb9!8m2!3d33.9578345!4d130.9415253"
下松市,34.0147799,131.8678075,"https://www.google.com/maps/place/Kudamatsu+City+Hall/@34.0147799,131.8678075,17z/data=!3m1!4b1!4m5!3m4!1s0x3544e10ffb5bc55b:0xf3ebbe237823c744!8m2!3d34.0147755!4d131.8699962"
加古川市,34.756952,134.841179,"https://www.google.com/maps/place/%E5%8A%A0%E5%8F%A4%E5%B7%9D%E5%B8%82%E5%BD%B9%E6%89%80/@34.75695,134.8389893,17z/data=!3m1!4b1!4m5!3m4!1s0x3554d817f80b6ef3:0x118349a4beaa9c8d!8m2!3d34.75695!4d134.841178"
加西市,34.927807,134.841939,"https://www.google.com/maps/place/%E5%8A%A0%E8%A5%BF%E5%B8%82%E5%BD%B9%E6%89%80/@34.9278041,134.8397501,17z/data=!3m1!4b1!4m5!3m4!1s0x35553aa4b6d4d5c3:0x599c6270bcd42a0d!8m2!3d34.9278041!4d134.8419388"
加東健康福祉事務所管内,34.916021,134.958617,"https://www.google.com/maps/place/%E5%85%B5%E5%BA%AB%E7%9C%8C%E5%8C%97%E6%92%AD%E7%A3%A8%E7%9C%8C%E6%B0%91%E5%B1%80+%E5%8A%A0%E6%9D%B1%E5%81%A5%E5%BA%B7%E7%A6%8F%E7%A5%89%E4%BA%8B%E5%8B%99%E6%89%80%E3%83%BB%E5%8A%A0%E6%9D%B1%E4%BF%9D%E5%81%A5%E6%89%80/@34.9160191,134.956429,17z/data=!4m8!1m2!2m1!1z5Yqg5p2x5YGl5bq356aP56WJ5LqL5YuZ5omA!3m4!1s0x3555339ed81ca1e7:0xc9f86d4d064bb070!8m2!3d34.9160191!4d134.9586177"
加茂市,37.666242,139.040126,"https://www.google.com/maps/place/%E5%8A%A0%E8%8C%82%E5%B8%82%E5%BD%B9%E6%89%80/@37.666241,139.0379369,17z/data=!3m1!4b1!4m5!3m4!1s0x5ff4e05ad1d1e02d:0x21355067a12f97ef!8m2!3d37.666241!4d139.0401256"
可児市,35.426136,137.061075,"https://www.google.com/maps/place/%E5%8F%AF%E5%85%90%E5%B8%82%E5%BD%B9%E6%89%80/@35.426135,137.0588863,17z/data=!3m1!4b1!4m5!3m4!1s0x600316ac7c7baa6f:0xd40c61c6ebeb7d70!8m2!3d35.426135!4d137.061075"
河内長野市,34.458189,135.564696,"https://www.google.com/maps/place/%E6%B2%B3%E5%86%85%E9%95%B7%E9%87%8E%E5%B8%82%E5%BD%B9%E6%89%80/@34.457963,135.5619812,17z/data=!3m1!4b1!4m5!3m4!1s0x6000d5d315321fb9:0x8bf3deb474fcb4f3!8m2!3d34.4579586!4d135.5641699"
貝塚市,34.437678,135.358416,"https://www.google.com/maps/place/%E8%B2%9D%E5%A1%9A%E5%B8%82%E5%BD%B9%E6%89%80/@34.4376771,135.3562282,17z/data=!3m1!4b1!4m5!3m4!1s0x6000c8a10f401907:0x3e6bc34ea9c6afb6!8m2!3d34.4376771!4d135.3584169"
各務原市,35.398871,136.848264,"https://www.google.com/maps/place/%E5%90%84%E5%8B%99%E5%8E%9F%E5%B8%82%E5%BD%B9%E6%89%80/@35.398869,136.8460753,17z/data=!3m1!4b1!4m5!3m4!1s0x600308758b48c54b:0xa3fda9cacfb550dd!8m2!3d35.398869!4d136.848264"
蒲郡市,34.826368,137.219609,"https://www.google.com/maps/place/%E8%92%B2%E9%83%A1%E5%B8%82%E5%BD%B9%E6%89%80/@34.826367,137.2174194,17z/data=!3m1!4b1!4m5!3m4!1s0x6004c7497966c2af:0x4e371726eaa1220f!8m2!3d34.826367!4d137.2196081"
茅ヶ崎市保健所管内(茅ヶ崎市、寒川町),35.372947,139.383835,"https://www.google.com/maps/place/%E5%AF%92%E5%B7%9D%E7%94%BA%E5%BD%B9%E5%A0%B4/@35.3729453,139.381646,17z/data=!3m1!4b1!4m5!3m4!1s0x60185342451ecbb7:0x9dca9596082bb909!8m2!3d35.3729453!4d139.3838347"
丸亀市,34.289451,133.797639,"https://www.google.com/maps/place/%E4%B8%B8%E4%BA%80%E5%B8%82%E5%BD%B9%E6%89%80/@34.2894497,133.7954532,17z/data=!3m1!4b1!4m5!3m4!1s0x3553d886f3541d8f:0xe572df3252c5d0e2!8m2!3d34.2894497!4d133.7976419"
岸和田市,34.460667,135.370764,"https://www.google.com/maps/place/%E5%B2%B8%E5%92%8C%E7%94%B0%E5%B8%82%E5%BD%B9%E6%89%80/@34.460665,135.3685763,17z/data=!3m1!4b1!4m5!3m4!1s0x6000c60beb25289b:0xf362b1e687086b85!8m2!3d34.460665!4d135.370765"
岐阜県,35.39115,136.722198,"https://www.google.com/maps/place/%E5%B2%90%E9%98%9C%E7%9C%8C%E5%BA%81/@35.3911494,136.7200103,17z/data=!3m1!4b1!4m5!3m4!1s0x6003aeeeeb1892d5:0x2cdffb16307033da!8m2!3d35.3911494!4d136.722199"
岐阜市,35.423207,136.760774,"https://www.google.com/maps/place/%E5%B2%90%E9%98%9C%E5%B8%82%E5%BD%B9%E6%89%80/@35.4232051,136.7585845,17z/data=!3m1!4b1!4m5!3m4!1s0x6003a95b31b2caad:0xe1f12edc3cebba05!8m2!3d35.4232051!4d136.7607732"
宜野湾市,26.2815014,127.776246,"https://www.google.com/maps/place/Ginowan+City+Hall/@26.2815014,127.776246,17z/data=!3m1!4b1!4m5!3m4!1s0x34e512cdc75c2169:0x95a1fc9ede40383d!8m2!3d26.2814966!4d127.7784347"
久留米市,33.3192615,130.5083457,"https://www.google.com/maps/place/%E4%B9%85%E7%95%99%E7%B1%B3%E5%B8%82%E5%BD%B9%E6%89%80/@33.3192615,130.5083457,15z/data=!4m5!3m4!1s0x0:0x16a7a247bd977a69!8m2!3d33.3192615!4d130.5083457"
宮崎市,31.907678,131.420246,"https://www.google.com/maps/place/%E5%AE%AE%E5%B4%8E%E5%B8%82%E5%BD%B9%E6%89%80/@31.9076764,131.4180553,17z/data=!3m1!4b1!4m5!3m4!1s0x3538b70d5ec52eef:0xf0ef6edeb3ac482c!8m2!3d31.9076764!4d131.420244"
牛久市,35.979536,140.150036,"https://www.google.com/maps/place/%E7%89%9B%E4%B9%85%E5%B8%82%E5%BD%B9%E6%89%80/@35.9794013,140.1473433,17z/data=!3m1!4b1!4m5!3m4!1s0x6022718453cdf4f7:0xffbd3b75057fc596!8m2!3d35.979397!4d140.149532"
京都郡（京築保健福祉環境事務所）,33.7282891,130.9781371,"https://www.google.com/maps/search/%E4%BA%AC%E7%AF%89%E4%BF%9D%E5%81%A5%E7%A6%8F%E7%A5%89%E7%92%B0%E5%A2%83%E4%BA%8B%E5%8B%99%E6%89%80/@33.7282891,130.9781371,17z/data=!3m1!4b1"
京都市,35.011658,135.768125,"https://www.google.com/maps/place/%E4%BA%AC%E9%83%BD%E5%B8%82%E5%BD%B9%E6%89%80/@34.9919635,135.6657321,12z/data=!4m8!1m2!2m1!1z5Lqs6YO95biC44CA5biC5b255omA!3m4!1s0x6001088d901efcc1:0x3a3362a1bd150594!8m2!3d35.0116574!4d135.768125"
狭山市,35.853131,139.412621,"https://www.google.com/maps/place/%E7%8B%AD%E5%B1%B1%E5%B8%82%E5%BD%B9%E6%89%80/@35.852948,139.4100243,17z/data=!3m1!4b1!4m5!3m4!1s0x6018d92238ed302f:0x4864655911a5b9a5!8m2!3d35.852948!4d139.412213"
玉名市,32.935219,130.562623,"https://www.google.com/maps/place/%E7%8E%89%E5%90%8D%E5%B8%82%E5%BD%B9%E6%89%80/@32.9352124,130.5604366,17z/data=!3m1!4b1!4m5!3m4!1s0x3540598ebc8b955b:0x59373f7b2357d113!8m2!3d32.9352124!4d130.5626253"
玉野市,34.4920115,133.9437751,"https://www.google.com/maps/place/Tamano+City+Hall/@34.4920115,133.9437751,17z/data=!3m1!4b1!4m5!3m4!1s0x3553f075b29f8595:0x4dd8d579c81c0351!8m2!3d34.4920071!4d133.9459638"
空知総合振興局管内,43.19781,141.766831,"https://www.google.com/maps/place/%E7%A9%BA%E7%9F%A5%E7%B7%8F%E5%90%88%E6%8C%AF%E8%88%88%E5%B1%80/@43.19763,141.7643313,17z/data=!3m1!4b1!4m5!3m4!1s0x5f0b4bcc1b56bd79:0xc426c83e5e7c6181!8m2!3d43.19763!4d141.76652"
空知総合振興局管内（岩見沢市）,43.196344,141.776494,"https://www.google.com/maps/place/%E5%B2%A9%E8%A6%8B%E6%B2%A2%E5%B8%82%E5%BD%B9%E6%89%80/@43.196211,141.7737474,17z/data=!3m1!4b1!4m5!3m4!1s0x5f0b4bc83c6153eb:0x25b872bbf6fd6c4e!8m2!3d43.196211!4d141.7759361"
空知総合振興局管内（深川市）,43.723438,142.05364,"https://www.google.com/maps/search/%E6%B7%B1%E5%B7%9D%E5%B8%82%E5%BD%B9%E6%89%80/@43.7232366,142.0514835,17z/data=!3m1!4b1"
空知総合振興局管内（滝川市）,43.557988,141.910811,"https://www.google.com/maps/place/%E6%BB%9D%E5%B7%9D%E5%B8%82%E5%BD%B9%E6%89%80/@43.5578322,141.9080644,17z/data=!3m1!4b1!4m5!3m4!1s0x5f0c98d96d104abd:0x949376d19cfd63dc!8m2!3d43.5578322!4d141.9102531"
釧路市,42.984969,144.381586,"https://www.google.com/maps/place/%E9%87%A7%E8%B7%AF%E5%B8%82%E5%BD%B9%E6%89%80/@42.9847998,144.3791077,17z/data=!3m1!4b1!4m5!3m4!1s0x5f723d66a1c7e893:0xcce4cd4cba2630c4!8m2!3d42.9847959!4d144.3812964"
釧路総合振興局管内,42.9833247,144.3852994,"https://www.google.com/maps/place/%E9%87%A7%E8%B7%AF%E7%B7%8F%E5%90%88%E6%8C%AF%E8%88%88%E5%B1%80/@42.9833247,144.3852994,14z/data=!4m8!1m2!2m1!1z6Yen6Lev57eP5ZCI5oyv6IiI5bGA!3m4!1s0x5f723d435a8ab949:0x9ac43ff889b4c13c!8m2!3d42.976694!4d144.384933"
釧路総合振興局管内（釧路市）,42.984961,144.381876,"https://www.google.com/maps/place/%E9%87%A7%E8%B7%AF%E5%B8%82%E5%BD%B9%E6%89%80/@42.9847959,144.3791077,17z/data=!3m1!4b1!4m5!3m4!1s0x5f723d66a1c7e893:0xcce4cd4cba2630c4!8m2!3d42.9847959!4d144.3812964"
釧路総合振興局管内（厚岸町）,43.052066,144.847886,"https://www.google.com/maps/place/%E5%8E%9A%E5%B2%B8%E7%94%BA%E5%BD%B9%E5%A0%B4/@43.0518701,144.8451826,17z/data=!3m1!4b1!4m5!3m4!1s0x5f720748d24a0a15:0xa9c8adfd6df8890d!8m2!3d43.0518701!4d144.8473713"
熊取町,34.3877141,135.326938,"https://www.google.com/maps/place/%E5%A4%A7%E9%98%AA%E5%BA%9C%E6%B3%89%E5%8D%97%E9%83%A1%E7%86%8A%E5%8F%96%E7%94%BA/@34.3877141,135.326938,13z/data=!3m1!4b1!4m5!3m4!1s0x6000c9476c842937:0xdd1dd82c9a647061!8m2!3d34.4013512!4d135.3559607"
熊谷市,36.14731,139.388645,"https://www.google.com/maps/place/%E5%9F%BC%E7%8E%89%E7%9C%8C%E7%86%8A%E8%B0%B7%E5%B8%82/@36.1617685,139.3682813,12z/data=!3m1!4b1!4m5!3m4!1s0x601f28210341193f:0x4d86424c16f65fb5!8m2!3d36.1471963!4d139.3889796"
熊本市,32.803076,130.707868,"https://www.google.com/maps/place/%E7%86%8A%E6%9C%AC%E5%B8%82%E5%BD%B9%E6%89%80/@32.8198615,130.5602447,11z/data=!4m8!1m2!2m1!1z54aK5pys5biC5b255omA!3m4!1s0x3540f40d08c9b6ab:0xddf9775147f3de61!8m2!3d32.803076!4d130.7078745"
熊本市西区,32.776335,130.647519,"https://www.google.com/maps/place/%E7%86%8A%E6%9C%AC%E5%B8%82+%E8%A5%BF%E5%8C%BA%E5%BD%B9%E6%89%80/@32.776335,130.647519,15z/data=!4m5!3m4!1s0x0:0x9bc2f58465943c30!8m2!3d32.776335!4d130.647519"
熊本市東区,32.7805546,130.7658936,"https://www.google.com/maps/place/Kumamoto+Higashi+Ward+Office/@32.7805546,130.7658936,17z/data=!4m8!1m2!2m1!1z54aK5pys5biC5p2x5Yy65b255omA!3m4!1s0x3540f2399411c3d9:0x90a564ebe98eb132!8m2!3d32.78055!4d130.768082"
熊本市内中央区 ,32.803133,130.708281,"https://www.google.com/maps/place/%E7%86%8A%E6%9C%AC%E5%B8%82+%E4%B8%AD%E5%A4%AE%E5%8C%BA%E5%BD%B9%E6%89%80/@32.8029931,130.7056095,17z/data=!3m1!4b1!4m5!3m4!1s0x3540f40db2bebf37:0x5793aa9f3cd28fa1!8m2!3d32.8029886!4d130.7077982"
熊本市南区,32.7153636,130.6767287,"https://www.google.com/maps/place/Minami+Ward+Office/@32.7153636,130.6767287,17z/data=!4m5!3m4!1s0x35408baa4ba7163d:0xab263097f493abd2!8m2!3d32.7153591!4d130.6789174"
熊本市北区,32.9034568,130.6921765,"https://www.google.com/maps/place/Kumamoto+North+ward+office/@32.9034568,130.6921765,17z/data=!3m1!4b1!4m5!3m4!1s0x3540f9de13640b2b:0x7516f81b732f694d!8m2!3d32.9034523!4d130.6943652"
栗東市,35.0216184,135.9958043,"https://www.google.com/maps/place/%E6%A0%97%E6%9D%B1%E5%B8%82%E5%BD%B9%E6%89%80/@35.0216184,135.9958043,17z/data=!3m1!4b1!4m5!3m4!1s0x600171e0b8ba052f:0x7f77fa286f6055e4!8m2!3d35.021614!4d135.997993"
桑名市,35.0622674,136.6814936,"https://www.google.com/maps/place/%E6%A1%91%E5%90%8D%E5%B8%82%E5%BD%B9%E6%89%80/@35.0622674,136.6814936,17z/data=!3m1!4b1!4m5!3m4!1s0x60039a91361f708f:0x69e82a89a144647b!8m2!3d35.062263!4d136.6836823"
桑名保健所管内,35.059877,136.686239,"https://www.google.com/maps/place/%E4%B8%89%E9%87%8D%E7%9C%8C%E6%A1%91%E5%90%8D%E5%BA%81%E8%88%8E+%E6%A1%91%E5%90%8D%E4%BF%9D%E5%81%A5%E7%A6%8F%E7%A5%89%E4%BA%8B%E5%8B%99%E6%89%80%E3%83%BB%E6%A1%91%E5%90%8D%E4%BF%9D%E5%81%A5%E6%89%80%E4%BF%9D%E5%81%A5%E8%A1%9B%E7%94%9F%E5%AE%A4%E8%A1%9B%E7%94%9F%E6%8C%87%E5%B0%8E%E8%AA%B2/@35.0598747,136.6856917,19z/data=!3m1!4b1!4m8!1m2!2m1!1z5qGR5ZCN5L-d5YGl5omA!3m4!1s0x60039a95b8abacfd:0xb3e3aa5553e5d2a7!8m2!3d35.0598747!4d136.6862389"
群馬県 館林市,36.245042,139.542388,"https://www.google.com/maps/place/%E9%A4%A8%E6%9E%97%E5%B8%82%E5%BD%B9%E6%89%80/@36.2448472,139.5397597,17z/data=!3m1!4b1!4m5!3m4!1s0x601f300e21e9c431:0x19dadd5b3c0179d5!8m2!3d36.2448429!4d139.5419484"
群馬県 前橋市,36.389594,139.063975,"https://www.google.com/maps/place/%E5%89%8D%E6%A9%8B%E5%B8%82%E5%BD%B9%E6%89%80/@36.3894344,139.0612602,17z/data=!3m1!4b1!4m5!3m4!1s0x601ef318dc955553:0x5b63fef921ebf1b4!8m2!3d36.3894301!4d139.0634489"
群馬県 太田市,36.290837,139.376052,"https://www.google.com/maps/place/%E5%A4%AA%E7%94%B0%E5%B8%82%E5%BD%B9%E6%89%80/@36.2906339,139.3734553,17z/data=!3m1!4b1!4m5!3m4!1s0x601f2088a77d6727:0x6bf5edfc25c436f5!8m2!3d36.2906296!4d139.375644"
群馬県 邑楽郡 大泉町,36.248057,139.405275,"https://www.google.com/maps/place/%E5%A4%A7%E6%B3%89%E7%94%BA%E5%BD%B9%E5%A0%B4/@36.247927,139.4026143,17z/data=!3m1!4b1!4m5!3m4!1s0x601f271e0a7a730f:0xe915d3646caabcd5!8m2!3d36.247927!4d139.404803"
群馬県佐波郡玉村町,36.304637,139.115222,"https://www.google.com/maps/place/36%C2%B018'16.7%22N+139%C2%B006'54.8%22E/@36.3046413,139.1130333,17z/data=!3m1!4b1!4m9!1m2!2m1!1z576k6aas55yM5L2Q5rOi6YOh546J5p2R55S65b255aC0!3m5!1s0x0:0x0!7e2!8m2!3d36.3046371!4d139.1152224"
群馬県富岡市,36.260024,138.890313,"https://www.google.com/maps/place/%E5%AF%8C%E5%B2%A1%E5%B8%82%E5%BD%B9%E6%89%80/@36.2598295,138.8877918,17z/data=!3m1!4b1!4m5!3m4!1s0x601e900d7e4a38f5:0x816a6666061a079!8m2!3d36.2598252!4d138.8899805"
郡山市,37.400497,140.359093,"https://www.google.com/maps/search/%E9%83%A1%E5%B1%B1%E5%B8%82%E5%BD%B9%E6%89%80/@37.398375,140.3579451,17z/data=!3m1!4b1"
郡山保健所管内,34.635003,135.765348,"https://www.google.com/maps/place/%E5%A5%88%E8%89%AF%E7%9C%8C%E9%83%A1%E5%B1%B1%E4%BF%9D%E5%81%A5%E6%89%80/@34.6351161,135.7627622,17z/data=!4m8!1m2!2m1!1z6YOh5bGx5L-d5YGl5omA!3m4!1s0x60013aeda25ba7cd:0xc5c3133a913d201f!8m2!3d34.6350022!4d135.7653474"
古河市,36.187512,139.707885,"https://www.google.com/maps/place/%E5%8F%A4%E6%B2%B3%E5%B8%82%E5%BD%B9%E6%89%80%E5%8F%A4%E6%B2%B3%E5%BA%81%E8%88%8E/@36.1738642,139.7284846,13z/data=!4m8!1m2!2m1!1z5Y-k5rKz5biC5b255omA!3m4!1s0x601f4abb21915f05:0x1641513816808c7c!8m2!3d36.184645!4d139.702569"
戸田市,35.817794,139.678439,"https://www.google.com/maps/place/%E6%88%B8%E7%94%B0%E5%B8%82%E5%BD%B9%E6%89%80/@35.8153439,139.6240695,13z/data=!4m5!3m4!1s0x6018eb38fb78f3bd:0x1919f0022b351548!8m2!3d35.8175769!4d139.6779888"
湖南省長沙市,28.1760581,112.8845147,"https://www.google.com/maps/place/%E4%B8%AD%E8%8F%AF%E4%BA%BA%E6%B0%91%E5%85%B1%E5%92%8C%E5%9B%BD+%E6%B9%96%E5%8D%97%E7%9C%81+%E9%95%B7%E6%B2%99%E5%B8%82/@28.1760581,112.8845147,11z/data=!3m1!4b1!4m5!3m4!1s0x342735f39e1c64c5:0xb1e5bb9ca1f1a680!8m2!3d28.228209!4d112.938814"
湖北省武漢市,30.596269,114.311361,"https://www.google.com/maps/search/%E6%AD%A6%E6%BC%A2%E5%B8%82%E4%BA%BA%E6%B0%91%E6%94%BF%E5%BA%9C/@30.5870337,114.2426961,13z/data=!3m1!4b1"
五所川原保健所管内,40.8145795,140.4397169,"https://www.google.com/maps/place/%E9%9D%92%E6%A3%AE%E7%9C%8C%E8%A5%BF%E5%8C%97%E5%9C%B0%E5%9F%9F%E7%9C%8C%E6%B0%91%E5%B1%80+%E5%9C%B0%E5%9F%9F%E5%81%A5%E5%BA%B7%E7%A6%8F%E7%A5%89%E9%83%A8%E4%BF%9D%E5%81%A5%E7%B7%8F%E5%AE%A4%E3%83%BB%E4%BA%94%E6%89%80%E5%B7%9D%E5%8E%9F%E4%BF%9D%E5%81%A5%E6%89%80/@40.8145789,140.4397164,18.89z/data=!4m5!3m4!1s0x5f9bbace82110091:0xbfe779840d67b8a9!8m2!3d40.814548!4d140.440384"
後志総合振興局管内 （小樽市）,43.190479,140.994427,"https://www.google.com/maps/place/%E5%B0%8F%E6%A8%BD%E5%B8%82%E5%BD%B9%E6%89%80/@43.1903229,140.9919484,17z/data=!3m1!4b1!4m5!3m4!1s0x5f0ae056393feb71:0x4ce3662c7aa3a951!8m2!3d43.1903229!4d140.9941371"
交野市,34.7879477,135.6778039,"https://www.google.com/maps/place/%E4%BA%A4%E9%87%8E%E5%B8%82%E5%BD%B9%E6%89%80/@34.7879477,135.6778039,17z/data=!3m1!4b1!4m5!3m4!1s0x6001194bf2c161d1:0x1eae6757f5840ab9!8m2!3d34.7879433!4d135.6799926"
広島市,34.385174,132.45506,"https://www.google.com/maps/place/%E5%BA%83%E5%B3%B6%E5%B8%82%E5%BD%B9%E6%89%80/@34.3851663,132.4528718,17z/data=!3m1!4b1!4m5!3m4!1s0x355aa2145566bcbd:0xb33c0d4fa03ca250!8m2!3d34.3851663!4d132.4550605"
広島市安佐南区,34.451816,132.471615,"https://www.google.com/maps/place/%E5%AE%89%E4%BD%90%E5%8D%97%E5%8C%BA%E5%BD%B9%E6%89%80/@34.4518126,132.4694252,17z/data=!3m1!4b1!4m5!3m4!1s0x355a9962b57df7c1:0xe00299f4e76a79de!8m2!3d34.4518126!4d132.4716139"
江田島市,34.1749624,132.4599853,"https://www.google.com/maps/place/Edashima+City+Hall/@34.1749624,132.4599853,17z/data=!3m1!4b1!4m5!3m4!1s0x355aac1caedd291b:0x5a9b718019361b35!8m2!3d34.174958!4d132.462174"
江南市,35.3320135,136.8704858,"https://www.google.com/maps/place/%E6%B1%9F%E5%8D%97%E5%B8%82%E5%BD%B9%E6%89%80/@35.3320135,136.8704858,15z/data=!4m5!3m4!1s0x0:0xf63cad5355b6a52f!8m2!3d35.3320135!4d136.8704858"
行橋市,33.7288282,130.983009,"https://www.google.com/maps/place/%E8%A1%8C%E6%A9%8B%E5%B8%82%E5%BD%B9%E6%89%80/@33.7288282,130.983009,15z/data=!4m5!3m4!1s0x0:0x9dd65a3a3ec3fd56!8m2!3d33.7288282!4d130.983009"
行田市,36.139136,139.455988,"https://www.google.com/maps/place/%E8%A1%8C%E7%94%B0%E5%B8%82%E5%BD%B9%E6%89%80/@36.1389583,139.4534563,17z/data=!3m1!4b1!4m5!3m4!1s0x601f2c04df8161a9:0xb1d0ab3c9d070a73!8m2!3d36.138954!4d139.455645"
高崎市,36.322125,139.003616,"https://www.google.com/maps/place/%E3%80%92370-0829+%E7%BE%A4%E9%A6%AC%E7%9C%8C%E9%AB%98%E5%B4%8E%E5%B8%82%E9%AB%98%E6%9D%BE%E7%94%BA%EF%BC%93%EF%BC%95%E2%88%92%EF%BC%91+%E9%AB%98%E5%B4%8E%E5%B8%82%E5%BD%B9%E6%89%80/@36.321913,139.0011163,17z/data=!3m1!4b1!4m5!3m4!1s0x601e92803504d0d5:0x178c7adb0be5ea31!8m2!3d36.3219087!4d139.003305"
高松市,34.3428198,134.0442767,"https://www.google.com/maps/place/%E3%80%92760-0017+Kagawa,+Takamatsu,+Banch%C5%8D+1-ch%C5%8Dme,+8,+%E9%AB%98%E6%9D%BE%E5%B8%82%E5%BD%B9%E6%89%80/@34.3428198,134.0442767,17z/data=!3m1!4b1!4m5!3m4!1s0x3553eb90f9759c77:0x700f592cb48ae2c3!8m2!3d34.3428154!4d134.0464654"
高石市,34.5207298,135.4402787,"https://www.google.com/maps/place/%E9%AB%98%E7%9F%B3%E5%B8%82%E5%BD%B9%E6%89%80/@34.5207298,135.4402787,17z/data=!3m1!4b1!4m5!3m4!1s0x6000c4d0e3882daf:0xe020af7332404082!8m2!3d34.5207254!4d135.4424674"
高千穂町,32.711725,131.307785,"https://www.google.com/maps/place/%E9%AB%98%E5%8D%83%E7%A9%82%E7%94%BA%E5%BD%B9%E5%A0%B4/@32.7117234,131.3055979,17z/data=!3m1!4b1!4m5!3m4!1s0x35472cece8b2c0c7:0xa829f445b0b4ab23!8m2!3d32.7117234!4d131.3077866"
高知市,33.558763,133.531315,"https://www.google.com/maps/place/%E9%AB%98%E7%9F%A5%E5%B8%82%E5%BD%B9%E6%89%80/@33.5587601,133.5291272,17z/data=!3m1!4b1!4m5!3m4!1s0x354e1924a66ce46b:0x367f1341421721c3!8m2!3d33.5587601!4d133.5313159"
高槻市,34.846158,135.617384,"https://www.google.com/maps/place/%E9%AB%98%E6%A7%BB%E5%B8%82%E5%BD%B9%E6%89%80/@34.8461564,135.615197,17z/data=!3m1!4b1!4m5!3m4!1s0x600102b5021e34fd:0x9edb46f085e347ee!8m2!3d34.8461564!4d135.6173857"
根室振興局管内（根室市）,43.330291,145.583332,"https://www.google.com/maps/place/%E6%A0%B9%E5%AE%A4%E5%B8%82%E5%BD%B9%E6%89%80/@43.330073,145.5806073,17z/data=!3m1!4b1!4m5!3m4!1s0x5f6dd31a93e8a247:0x14dc97294e64c02!8m2!3d43.330073!4d145.582796"
佐賀市,33.26355,130.300876,"https://www.google.com/maps/place/%E4%BD%90%E8%B3%80%E5%B8%82%E5%BD%B9%E6%89%80/@33.263543,130.2986913,17z/data=!3m1!4b1!4m5!3m4!1s0x3541ca0db17b060b:0x1242b1496f2db579!8m2!3d33.263543!4d130.30088"
佐久保健所管内,36.229561,138.461547,"https://www.google.com/maps/place/%E4%BD%90%E4%B9%85%E5%90%88%E5%90%8C%E5%BA%81%E8%88%8E%E4%BD%90%E4%B9%85%E4%BF%9D%E5%81%A5%E7%A6%8F%E7%A5%89%E4%BA%8B%E5%8B%99%E6%89%80+%E5%81%A5%E5%BA%B7%E3%81%A5%E3%81%8F%E3%82%8A%E6%94%AF%E6%8F%B4%E8%AA%B2%E4%BF%9D%E5%81%A5%E8%A1%9B%E7%94%9F%E7%AC%AC%E4%B8%80%E4%BF%82%E3%83%BB%E4%BF%9D%E5%81%A5%E8%A1%9B%E7%94%9F%E7%AC%AC%E4%BA%8C%E4%BF%82/@36.2395007,138.4626987,15z/data=!4m8!1m2!2m1!1z5L2Q5LmF5L-d5YGl5omA!3m4!1s0x601c34b9a95e8b45:0xccb980be10f30b1!8m2!3d36.229559!4d138.461549"
佐世保市,33.179962,129.7129243,"https://www.google.com/maps/place/%E4%BD%90%E4%B8%96%E4%BF%9D%E5%B8%82%E5%BD%B9%E6%89%80/@33.179962,129.7129243,17z/data=!3m1!4b1!4m5!3m4!1s0x356a943f3f167d2f:0x2ecc181a861e3a78!8m2!3d33.179962!4d129.715113"
坂戸市,35.957464,139.403423,"https://www.google.com/maps/place/%E5%9D%82%E6%88%B8%E5%B8%82%E5%BD%B9%E6%89%80/@35.9572683,139.4007943,17z/data=!3m1!4b1!4m5!3m4!1s0x6018d65ee5b6af05:0xc9f15795e2d5edc2!8m2!3d35.957264!4d139.402983"
堺市,34.573362,135.483047,"https://www.google.com/maps/place/%E5%A0%BA%E5%B8%82%E5%BD%B9%E6%89%80/@34.5733619,135.4808588,17z/data=!3m1!4b1!4m5!3m4!1s0x6000dc8154156457:0xae28074b925202c6!8m2!3d34.5733619!4d135.4830475"
埼玉県,35.857471,139.649065,"https://www.google.com/maps/place/%E5%9F%BC%E7%8E%89%E7%9C%8C%E5%BA%81/@35.8573145,139.6465331,17z/data=!3m1!4b1!4m5!3m4!1s0x6018ea7fb6fc77c3:0xfdbcbe35d69344fe!8m2!3d35.8573145!4d139.6487218"
埼玉県外,,,
桜川市,36.327465,140.091025,"https://www.google.com/maps/place/%E6%A1%9C%E5%B7%9D%E5%B8%82%E5%BD%B9%E6%89%80/@36.3203089,140.0428503,12z/data=!4m8!1m2!2m1!1z5qGc5bed5biC5b255omA!3m4!1s0x602201e2cc48268d:0xba8bce9e62f7b1a9!8m2!3d36.327275!4d140.090478"
札幌市,43.062245,141.354673,"https://www.google.com/maps/place/%E3%80%92060-0001+%E5%8C%97%E6%B5%B7%E9%81%93%E6%9C%AD%E5%B9%8C%E5%B8%82%E4%B8%AD%E5%A4%AE%E5%8C%BA%E5%8C%97%EF%BC%91%E6%9D%A1%E8%A5%BF%EF%BC%92%E4%B8%81%E7%9B%AE%EF%BC%91%E2%88%92%EF%BC%97+%E6%9C%AD%E5%B9%8C%E5%B8%82%E5%BD%B9%E6%89%80/@43.0620803,141.3521727,17z/data=!3m1!4b1!4m5!3m4!1s0x5f0b299d77319725:0x9ca07362ae54273c!8m2!3d43.0620803!4d141.3543614"
札幌市衛生研究所,43.062652,141.3819609,"https://www.google.com/maps/place/%E6%9C%AD%E5%B9%8C%E5%B8%82+%E4%BF%9D%E5%81%A5%E7%A6%8F%E7%A5%89%E5%B1%80%E8%A1%9B%E7%94%9F%E7%A0%94%E7%A9%B6%E6%89%80/@43.062652,141.3819609,19z/data=!3m1!4b1!4m5!3m4!1s0x5f0b296231cc482f:0xdb13e0170f3ccf8c!8m2!3d43.062652!4d141.3825081"
三河地方,34.95479,137.17304,"https://www.google.com/maps/place/%E5%B2%A1%E5%B4%8E%E5%B8%82%E5%BD%B9%E6%89%80/@34.954792,137.1708483,17z/data=!3m1!4b1!4m5!3m4!1s0x6004bd2743d19029:0xdbc659a85dd03f29!8m2!3d34.954792!4d137.173037"
三重県,34.730259,136.50868,"https://www.google.com/maps/place/%E4%B8%89%E9%87%8D%E7%9C%8C%E5%BA%81/@34.7302889,136.506576,17z/data=!4m8!1m2!2m1!1z5LiJ6YeN55yM44CA55yM5bqB!3m4!1s0x60040d6570141741:0x4e306eb309cb0b71!8m2!3d34.7302573!4d136.5086816"
三田市,34.889995,135.22546,"https://www.google.com/maps/place/%E4%B8%89%E7%94%B0%E5%B8%82%E5%BD%B9%E6%89%80/@34.889992,135.2232705,17z/data=!3m1!4b1!4m5!3m4!1s0x600066a0b6bfd659:0x2f04c91ff31a3b84!8m2!3d34.889992!4d135.2254592"
山口市,34.178152,131.473789,"https://www.google.com/maps/place/%E5%B1%B1%E5%8F%A3%E5%B8%82%E5%BD%B9%E6%89%80/@34.1781377,131.4716021,17z/data=!3m1!4b1!4m5!3m4!1s0x3544971b2726cb6f:0xa792900b0983be0d!8m2!3d34.1781377!4d131.4737908"
山梨県,35.664128,138.568424,"https://www.google.com/maps/place/%E5%B1%B1%E6%A2%A8%E7%9C%8C%E5%BA%81/@35.6646196,138.5666491,17z/data=!4m8!1m2!2m1!1z5bGx5qKo55yM44CA55yM5bqB!3m4!1s0x601bf9d1d752b661:0xdc3d03fe8c0351f4!8m2!3d35.6641261!4d138.5684246"
四街道市,35.676796,140.16854,"https://www.google.com/maps/search/%E3%81%84%E5%9B%9B%E8%A1%97%E9%81%93%E5%B8%82%E5%BD%B9%E6%89%80/@35.6664768,140.1053683,12z/data=!3m1!4b1"
四条畷市,34.7399285,135.6373948,"https://www.google.com/maps/place/%E5%9B%9B%E6%A2%9D%E7%95%B7%E5%B8%82%E5%BD%B9%E6%89%80/@34.7399285,135.6373948,17z/data=!3m1!4b1!4m5!3m4!1s0x60011f0794e0ea8f:0x3b14fda4ef269ec1!8m2!3d34.7399241!4d135.6395835"
四日市保健所管内,34.965174,136.623669,"https://www.google.com/maps/place/%E5%9B%9B%E6%97%A5%E5%B8%82%E5%B8%82%E4%BF%9D%E5%81%A5%E6%89%80/@34.965173,136.6214763,17z/data=!3m1!4b1!4m5!3m4!1s0x60038ee5a2fd3a23:0x3fde4409f6a680d2!8m2!3d34.965173!4d136.623665"
市川市,35.7156556,139.860818,"https://www.google.com/maps/place/%E5%8D%83%E8%91%89%E7%9C%8C%E5%B8%82%E5%B7%9D%E5%B8%82/@35.7156556,139.860818,12z/data=!3m1!4b1!4m5!3m4!1s0x601886d6050f14c7:0xff20e99af91ac539!8m2!3d35.7135721!4d139.9279808"
志木市,35.83675,139.580319,"https://www.google.com/maps/place/%E5%9F%BC%E7%8E%89%E7%9C%8C%E5%BF%97%E6%9C%A8%E5%B8%82/@35.8396985,139.5814134,14z/data=!3m1!4b1!4m5!3m4!1s0x6018c271b55669fb:0x107d104cebb1ef27!8m2!3d35.836195!4d139.5800582"
糸島市,33.5573659,130.1948192,"https://www.google.com/maps/search/%E7%B3%B8%E5%B3%B6%E5%B8%82%E5%B8%82%E5%BD%B9%E6%89%80/@33.5573659,130.1948192,18z"
七ヶ浜町,38.304698,141.059555,"https://www.google.com/maps/place/%E4%B8%83%E3%83%B6%E6%B5%9C%E7%94%BA%E5%BD%B9%E5%A0%B4/@38.3045586,141.0570233,17z/data=!4m8!1m2!2m1!1z5LiD44O25rWc55S65b255aC0!3m4!1s0x0:0xe96285022e252441!8m2!3d38.3045801!4d141.0592309"
取手市,35.911713,140.050313,"https://www.google.com/maps/place/%E5%8F%96%E6%89%8B%E5%B8%82%E5%BD%B9%E6%89%80/@35.9114653,140.0481883,17z/data=!3m1!4b1!4m5!3m4!1s0x6022765291e624df:0xefb080c9e51273e4!8m2!3d35.911461!4d140.050377"
守口市,34.73565,135.561802,"https://www.google.com/maps/place/%E5%AE%88%E5%8F%A3%E5%B8%82%E5%BD%B9%E6%89%80/@34.7356474,135.5596138,17z/data=!3m1!4b1!4m5!3m4!1s0x6000e176ffffffff:0x489f70bd1fc24362!8m2!3d34.7356474!4d135.5618025"
周南市,34.0555322,131.804501,"https://www.google.com/maps/place/Shunan+City+Hall/@34.0555322,131.804501,17z/data=!3m1!4b1!4m5!3m4!1s0x3544e703e8d613a5:0xc6d9c5bd7eb101e1!8m2!3d34.0555278!4d131.8066897"
宗像市,33.805552,130.54068,"https://www.google.com/maps/place/%E5%AE%97%E5%83%8F%E5%B8%82%E5%BD%B9%E6%89%80/@33.8055516,130.5384945,17z/data=!3m1!4b1!4m5!3m4!1s0x35422e97b2c92827:0x8ef8c1365f45119e!8m2!3d33.8055516!4d130.5406832"
秋田市,39.720062,140.103906,"https://www.google.com/maps/place/%E3%80%92010-0951+%E7%A7%8B%E7%94%B0%E7%9C%8C%E7%A7%8B%E7%94%B0%E5%B8%82%E5%B1%B1%E7%8E%8B%EF%BC%91%E4%B8%81%E7%9B%AE%EF%BC%91%E2%88%92%EF%BC%91+%E7%A7%8B%E7%94%B0%E5%B8%82%E5%BA%81%E8%88%8E/@39.7199261,140.1013417,17z/data=!3m1!4b1!4m5!3m4!1s0x5f8fc2c4eb0270a9:0x7110fead5840ede8!8m2!3d39.719922!4d140.1035304"
十勝総合振興局管内,42.965221,143.20679,"https://www.google.com/maps/search/%E5%8D%81%E5%8B%9D%E7%B7%8F%E5%90%88%E6%8C%AF%E8%88%88%E5%B1%80/@42.9521554,143.040622,10z/data=!3m1!4b1"
春日井市,35.2477723,136.9717483,"https://www.google.com/maps/place/%E6%98%A5%E6%97%A5%E4%BA%95%E5%B8%82%E5%BD%B9%E6%89%80/@35.2477723,136.9717483,15z/data=!4m5!3m4!1s0x0:0x3bca3afa00b5a0a3!8m2!3d35.2477723!4d136.9717483"
春日市,33.5328065,130.47023,"https://www.google.com/maps/place/%E6%98%A5%E6%97%A5%E5%B8%82%E5%BD%B9%E6%89%80/@33.5328065,130.47023,15z/data=!4m5!3m4!1s0x0:0xb0c1ab6f9cf3f9c3!8m2!3d33.5328065!4d130.47023"
春日部市 ,35.9753578,139.7500896,"https://www.google.com/maps/place/%E6%98%A5%E6%97%A5%E9%83%A8%E5%B8%82%E5%BD%B9%E6%89%80/@35.9753578,139.7500896,17z/data=!4m5!3m4!1s0x6018b93561877553:0xff5e9eac9610462e!8m2!3d35.9753581!4d139.7522783"
所沢市,35.799807,139.469045,"https://www.google.com/maps/place/%E6%89%80%E6%B2%A2%E5%B8%82%E5%BD%B9%E6%89%80/@35.7996369,139.4664381,17z/data=!3m1!4b1!4m5!3m4!1s0x6018dd9362734ed3:0xd9ebc4b01e6e857f!8m2!3d35.7996326!4d139.4686268"
松原市,34.577965,135.551798,"https://www.google.com/maps/place/%E6%9D%BE%E5%8E%9F%E5%B8%82%E5%BD%B9%E6%89%80/@34.5779615,135.5496102,17z/data=!3m1!4b1!4m5!3m4!1s0x6000d910ce38881b:0xbca5bcafb2e00f6b!8m2!3d34.5779615!4d135.5517989"
松戸市,35.787869,139.903484,"https://www.google.com/maps/place/%E6%9D%BE%E6%88%B8%E5%B8%82%E5%BD%B9%E6%89%80/@35.7876519,139.9010376,17z/data=!3m1!4b1!4m5!3m4!1s0x601884e4dea2eafd:0xf3601cad98f27c2a!8m2!3d35.7876519!4d139.9032263"
松山市,33.839191,132.765648,"https://www.google.com/maps/place/%E6%9D%BE%E5%B1%B1%E5%B8%82%E5%BD%B9%E6%89%80/@33.8391894,132.7634582,17z/data=!3m1!4b1!4m5!3m4!1s0x354fe58d454d2101:0x9ce1b8861854f801!8m2!3d33.8391894!4d132.7656469"
松前町,33.7875749,132.7091806,"https://www.google.com/maps/place/%E6%9D%BE%E5%89%8D%E7%94%BA%E5%BD%B9%E5%A0%B4/@33.7875749,132.7091806,17z/data=!3m1!4b1!4m5!3m4!1s0x354fee039fc6a421:0xf6e63d7aa6817ad8!8m2!3d33.7875705!4d132.7113693"
松本保健所管内,36.234853,137.94352,"https://www.google.com/maps/place/%E6%9D%BE%E6%9C%AC%E5%90%88%E5%90%8C%E5%BA%81%E8%88%8E+%E6%9D%BE%E6%9C%AC%E4%BF%9D%E5%81%A5%E7%A6%8F%E7%A5%89%E4%BA%8B%E5%8B%99%E6%89%80+%E7%A6%8F%E7%A5%89%E8%AA%B2/@36.2747278,137.8585163,12z/data=!4m8!1m2!2m1!1z5p2-5pys5L-d5YGl5omA!3m4!1s0x601d0e75703df997:0xaa1c0dbdfbbbc629!8m2!3d36.234851!4d137.943523"
上益城郡,32.714563,130.801931,"https://www.google.com/maps/place/%E5%BE%A1%E8%88%B9%E7%94%BA%E5%BD%B9%E5%A0%B4/@32.714563,130.8013838,19z/data=!4m8!1m2!2m1!1z5LiK55uK5Z-O6YOh44CA5b255aC0!3m4!1s0x0:0x24bf1a3d52ac3341!8m2!3d32.714554!4d130.801936"
上山市,38.1388033,140.1742638,"https://www.google.com/maps/place/%E5%B1%B1%E5%BD%A2%E7%9C%8C%E4%B8%8A%E5%B1%B1%E5%B8%82/@38.1388033,140.1742638,11z/data=!3m1!4b1!4m5!3m4!1s0x5f8a4d1a2f331f9d:0x41061dc0724eb19d!8m2!3d38.1495569!4d140.267843"
上川総合振興局管内,43.807977,142.439955,"https://www.google.com/maps/place/%E4%B8%8A%E5%B7%9D%E7%B7%8F%E5%90%88%E6%8C%AF%E8%88%88%E5%B1%80/@43.807768,142.4371873,17z/data=!3m1!4b1!4m5!3m4!1s0x5f0ce15794a61623:0x6dc8da3bd4d6e59b!8m2!3d43.807768!4d142.439376"
上川総合振興局管内（旭川市）,43.770938,142.365573,"https://www.google.com/maps/search/%E6%97%AD%E5%B7%9D%E5%B8%82%E5%BD%B9%E6%89%80/@43.770814,142.3628371,17z/data=!3m1!4b1"
上川総合振興局管内（中富良野町）,43.405869,142.425817,"https://www.google.com/maps/place/%E4%B8%AD%E5%AF%8C%E8%89%AF%E9%87%8E%E7%94%BA%E5%BD%B9%E5%A0%B4/@43.4056742,142.4229519,17z/data=!3m1!4b1!4m5!3m4!1s0x405a1c7438a3cfb1:0x95c328571aa05b15!8m2!3d43.4056742!4d142.4251406"
上川総合振興局管内（美瑛町）,43.588242,142.467463,"https://www.google.com/maps/place/%E7%BE%8E%E7%91%9B%E7%94%BA%E5%BD%B9%E5%A0%B4/@43.5880947,142.4647807,17z/data=!3m1!4b1!4m5!3m4!1s0x5f0cc5e7771ee6f9:0x2d1cfdfbd592a3de!8m2!3d43.5880947!4d142.4669694"
上尾市,35.977642,139.593336,"https://www.google.com/maps/place/%E4%B8%8A%E5%B0%BE%E5%B8%82%E5%BD%B9%E6%89%80/@35.9774818,139.5908683,17z/data=!3m1!4b1!4m5!3m4!1s0x6018c5f3ec3be39d:0x6acd4911671cdfa9!8m2!3d35.9774775!4d139.593057"
常滑市,34.8867111,136.8322829,"https://www.google.com/maps/place/%E5%B8%B8%E6%BB%91%E5%B8%82%E5%BD%B9%E6%89%80/@34.8867111,136.8322829,15z/data=!4m5!3m4!1s0x0:0xe1a55be239bbeb65!8m2!3d34.8867111!4d136.8322829"
常陸太田市,36.538498,140.531409,"https://www.google.com/maps/place/%E5%B8%B8%E9%99%B8%E5%A4%AA%E7%94%B0%E5%B8%82%E5%BD%B9%E6%89%80/@36.5382868,140.5288178,17z/data=!3m1!4b1!4m5!3m4!1s0x602187cb0f954b83:0x8fa2f755993c388a!8m2!3d36.5382825!4d140.5310119"
寝屋川市,34.7661324,135.6258413,"https://www.google.com/maps/place/%E5%AF%9D%E5%B1%8B%E5%B7%9D%E5%B8%82%E5%BD%B9%E6%89%80/@34.7661324,135.6258413,17z/data=!3m1!4b1!4m5!3m4!1s0x60011e6f6c0d54f5:0xda127a3f85f78633!8m2!3d34.766128!4d135.62803"
新潟市 江南区,37.867662,139.094014,"https://www.google.com/maps/place/%E6%96%B0%E6%BD%9F%E5%B8%82+%E6%B1%9F%E5%8D%97%E5%8C%BA%E5%BD%B9%E6%89%80/@37.8676601,139.0918247,17z/data=!3m1!4b1!4m5!3m4!1s0x5ff4ced8d67b101f:0x9bc32c14b353b1dc!8m2!3d37.8676601!4d139.0940134"
新潟市 秋葉区,37.788583,139.114579,"https://www.google.com/maps/place/%E6%96%B0%E6%BD%9F%E5%B8%82%E7%A7%8B%E8%91%89%E5%8C%BA%E5%BD%B9%E6%89%80/@37.7885811,139.11239,17z/data=!3m1!4b1!4m5!3m4!1s0x5ff4daf2011414a7:0x4929e07ea8558907!8m2!3d37.7885811!4d139.1145787"
新潟市 中央区,37.922579,139.043425,"https://www.google.com/maps/place/%E6%96%B0%E6%BD%9F%E5%B8%82+%E4%B8%AD%E5%A4%AE%E5%8C%BA%E5%BD%B9%E6%89%80/@37.9225765,139.0412375,17z/data=!3m1!4b1!4m5!3m4!1s0x5ff4c9c19288b147:0xb32d21e6d0a7fff9!8m2!3d37.9225765!4d139.0434262"
新潟市 東区,37.924921,139.092531,"https://www.google.com/maps/place/%E6%96%B0%E6%BD%9F%E5%B8%82+%E6%9D%B1%E5%8C%BA%E5%BD%B9%E6%89%80/@37.9249197,139.0903419,17z/data=!3m1!4b1!4m5!3m4!1s0x5ff4ca12a81a8d37:0x78eb395465bb00de!8m2!3d37.9249197!4d139.0925306"
新潟市 南区,37.765827,139.019133,"https://www.google.com/maps/place/%E6%96%B0%E6%BD%9F%E5%B8%82+%E5%8D%97%E5%8C%BA%E5%BD%B9%E6%89%80/@37.7658263,139.016944,17z/data=!3m1!4b1!4m5!3m4!1s0x5ff4dcc78d2ed0e1:0x1a087c8cd52f6c99!8m2!3d37.7658263!4d139.0191327"
新居浜市,33.9603153,133.2811698,"https://www.google.com/maps/place/%E6%96%B0%E5%B1%85%E6%B5%9C%E5%B8%82%E5%BD%B9%E6%89%80/@33.9603153,133.2811698,17z/data=!3m1!4b1!4m5!3m4!1s0x3551cedaf772f81f:0xda81da369f756d71!8m2!3d33.9603109!4d133.2833585"
新座市,35.793511,139.565369,"https://www.google.com/maps/place/%E5%9F%BC%E7%8E%89%E7%9C%8C%E6%96%B0%E5%BA%A7%E5%B8%82/@35.7897765,139.555422,13z/data=!3m1!4b1!4m5!3m4!1s0x6018e85bc55a3a2b:0x842cac568b68b27!8m2!3d35.7931531!4d139.5657297"
新庄市,38.7650052,140.2994893,"https://www.google.com/maps/place/%E6%96%B0%E5%BA%84%E5%B8%82%E5%BD%B9%E6%89%80/@38.7650052,140.2994893,17z/data=!3m1!4b1!4m5!3m4!1s0x5f8ead43f1ccd4d3:0x9e9412dd65789fe7!8m2!3d38.765001!4d140.301678"
新城市,34.8989845,137.4978105,"https://www.google.com/maps/place/%E6%96%B0%E5%9F%8E%E5%B8%82%E5%BD%B9%E6%89%80/@34.8989845,137.4978105,15z/data=!4m5!3m4!1s0x0:0x5686dab48cbc36c4!8m2!3d34.8989845!4d137.4978105"
深谷市,36.197444,139.281464,"https://www.google.com/maps/place/%E5%9F%BC%E7%8E%89%E7%9C%8C%E6%B7%B1%E8%B0%B7%E5%B8%82/@36.1774486,139.2584875,12z/data=!3m1!4b1!4m5!3m4!1s0x601edbb388cce31d:0x528e854367d9ea83!8m2!3d36.1974815!4d139.2814476"
神戸市,34.689497,135.195739,"https://www.google.com/maps/place/%E7%A5%9E%E6%88%B8%E5%B8%82%E5%BD%B9%E6%89%80/@34.7572604,134.9669415,11z/data=!4m8!1m2!2m1!1z56We5oi45biC44CA5biC5b255omA!3m4!1s0x60008efa3cc3fa1b:0xca2555f80be85091!8m2!3d34.6894859!4d135.195739"
神栖市,35.890229,140.664492,"https://www.google.com/maps/place/%E7%A5%9E%E6%A0%96%E5%B8%82%E5%BD%B9%E6%89%80/@35.8900034,140.6622602,17z/data=!3m1!4b1!4m5!3m4!1s0x6022fde3e864662d:0x5a37e5466756b268!8m2!3d35.8899991!4d140.6644489"
神奈川県,35.448022,139.642605,"https://www.google.com/maps/place/%E7%A5%9E%E5%A5%88%E5%B7%9D%E7%9C%8C%E5%BA%81/@35.4476376,139.6402556,17z/data=!4m8!1m2!2m1!1z56We5aWI5bed55yM5bqB!3m4!1s0x60185cfa2dd60d41:0x92c1f59fadc5be30!8m2!3d35.4477712!4d139.6425415"
神奈川県横須賀市,35.281503,139.672095,"https://www.google.com/maps/place/%E6%A8%AA%E9%A0%88%E8%B3%80%E5%B8%82%E5%BD%B9%E6%89%80/@35.2815015,139.6699056,17z/data=!3m1!4b1!4m5!3m4!1s0x6018400a9447ed27:0xb54c680af4ec2378!8m2!3d35.2815015!4d139.6720943"
神奈川県横浜市,35.444291,139.638072,"https://www.google.com/maps/place/%E6%A8%AA%E6%B5%9C%E5%B8%82%E5%BD%B9%E6%89%80/@35.4440992,139.6358831,17z/data=!3m1!4b1!4m5!3m4!1s0x60185cf056de2d01:0xf4969e9c7dcc1376!8m2!3d35.4440992!4d139.6380718"
神奈川県鎌倉保健福祉事務所管内(鎌倉市、逗子市、三浦市、三浦郡葉山町),35.312613,139.547117,"https://www.google.com/maps/place/%E7%A5%9E%E5%A5%88%E5%B7%9D%E7%9C%8C%E9%8E%8C%E5%80%89%E4%BF%9D%E5%81%A5%E7%A6%8F%E7%A5%89%E4%BA%8B%E5%8B%99%E6%89%80/@35.312612,139.5449283,17z/data=!3m1!4b1!4m5!3m4!1s0x601845e7e7845993:0x3abac4bfb055ff87!8m2!3d35.312612!4d139.547117"
神奈川県鎌倉保健福祉事務所管内（鎌倉市、逗子市、三浦市、葉山町）,35.312612,139.5449283,"https://www.google.com/maps/place/%E7%A5%9E%E5%A5%88%E5%B7%9D%E7%9C%8C%E9%8E%8C%E5%80%89%E4%BF%9D%E5%81%A5%E7%A6%8F%E7%A5%89%E4%BA%8B%E5%8B%99%E6%89%80/@35.312612,139.5449283,17z/data=!3m1!4b1!4m5!3m4!1s0x601845e7e7845993:0x3abac4bfb055ff87!8m2!3d35.312612!4d139.547117"
神奈川県厚木保健福祉事務所管内(厚木市、海老名市、座間市、愛川町、清川村、大和市、綾瀬市),35.445099,139.357444,"https://www.google.com/maps/place/%E7%A5%9E%E5%A5%88%E5%B7%9D%E7%9C%8C+%E5%8E%9A%E6%9C%A8%E4%BF%9D%E5%81%A5%E7%A6%8F%E7%A5%89%E4%BA%8B%E5%8B%99%E6%89%80/@35.4451039,139.3570795,19z/data=!4m8!1m2!2m1!1z56We5aWI5bed55yM5Y6a5pyo5L-d5YGl56aP56WJ5LqL5YuZ5omA!3m4!1s0x6019aaa8f907a42f:0x126b5dbb4c65100e!8m2!3d35.4450978!4d139.3574443"
神奈川県厚木保健福祉事務所管内(厚木市、大和市、海老名市、座間市、綾瀬市、愛川町、清川村),35.445099,139.357444,"https://www.google.com/maps/place/%E7%A5%9E%E5%A5%88%E5%B7%9D%E7%9C%8C+%E5%8E%9A%E6%9C%A8%E4%BF%9D%E5%81%A5%E7%A6%8F%E7%A5%89%E4%BA%8B%E5%8B%99%E6%89%80/@35.4451039,139.3570795,19z/data=!4m8!1m2!2m1!1z56We5aWI5bed55yM5Y6a5pyo5L-d5YGl56aP56WJ5LqL5YuZ5omA!3m4!1s0x6019aaa8f907a42f:0x126b5dbb4c65100e!8m2!3d35.4450978!4d139.3574443"
神奈川県小田原保健福祉事務所管内(小田原市、南足柄市、中井町、大井町、松田町、山北町、開成町...,35.262709,139.153176,"https://www.google.com/maps/place/%E5%B0%8F%E7%94%B0%E5%8E%9F%E4%BF%9D%E5%81%A5%E7%A6%8F%E7%A5%89%E4%BA%8B%E5%8B%99%E6%89%80/@35.2627059,139.1509884,17z/data=!3m1!4b1!4m5!3m4!1s0x6019a45012b4b155:0xf41fbd3ac9684dfc!8m2!3d35.2627059!4d139.1531771"
神奈川県相模原市,35.571782,139.373212,"https://www.google.com/maps/place/%E3%80%92252-0239+%E7%A5%9E%E5%A5%88%E5%B7%9D%E7%9C%8C%E7%9B%B8%E6%A8%A1%E5%8E%9F%E5%B8%82%E4%B8%AD%E5%A4%AE%E5%8C%BA%E4%B8%AD%E5%A4%AE%EF%BC%92%E4%B8%81%E7%9B%AE%EF%BC%91%EF%BC%91%E2%88%92%EF%BC%91%EF%BC%95+%E7%9B%B8%E6%A8%A1%E5%8E%9F%E5%B8%82%E5%BD%B9%E6%89%80/@35.5715461,139.3709799,17z/data=!3m1!4b1!4m5!3m4!1s0x6018fd7afc1d2739:0x502c9e469e86efe1!8m2!3d35.5715461!4d139.3731686"
神奈川県平塚保健福祉事務所管内(平塚市、秦野市、伊勢原市、大磯町、二宮町),35.335224,139.338002,"https://www.google.com/maps/place/%E5%B9%B3%E5%A1%9A%E4%BF%9D%E5%81%A5%E7%A6%8F%E7%A5%89%E4%BA%8B%E5%8B%99%E6%89%80/@35.335224,139.3374548,19z/data=!4m5!3m4!1s0x6019ace46609d219:0x57dee37552fe04c9!8m2!3d35.335221!4d139.338002"
吹田市,34.759461,135.516882,"https://www.google.com/maps/place/%E5%90%B9%E7%94%B0%E5%B8%82%E5%BD%B9%E6%89%80/@34.7594564,135.5146943,17z/data=!3m1!4b1!4m5!3m4!1s0x6000e47cc18a75e1:0xbf236242b8f8b79b!8m2!3d34.7594564!4d135.516883"
水戸市,36.365961,140.471135,"https://www.google.com/maps/place/%E6%B0%B4%E6%88%B8%E5%B8%82%E5%BD%B9%E6%89%80/@36.3658099,140.4689142,17z/data=!3m1!4b1!4m5!3m4!1s0x602224fe0e76d82f:0xfcc65b85ebafc886!8m2!3d36.3658056!4d140.4711029"
瀬戸市,35.223863,137.084055,"https://www.google.com/maps/place/%E7%80%AC%E6%88%B8%E5%B8%82%E5%BD%B9%E6%89%80/@35.223863,137.084055,15z/data=!4m5!3m4!1s0x0:0x37ac1b4fafdebc44!8m2!3d35.223863!4d137.084055"
西宮市,34.737547,135.34144,"https://www.google.com/maps/place/%E8%A5%BF%E5%AE%AE%E5%B8%82%E5%BD%B9%E6%89%80/@34.7375437,135.339253,17z/data=!3m1!4b1!4m5!3m4!1s0x6000f25e82ed168f:0x766c96979841d96b!8m2!3d34.7375437!4d135.3414417"
西尾市,34.8621564,137.0620836,"https://www.google.com/maps/place/%E8%A5%BF%E5%B0%BE%E5%B8%82%E5%BD%B9%E6%89%80/@34.8621564,137.0620836,15z/data=!4m5!3m4!1s0x0:0x6bff9b2d944689a7!8m2!3d34.8621564!4d137.0620836"
静岡市,34.975679,138.382765,"https://www.google.com/maps/place/%E9%9D%99%E5%B2%A1%E5%B8%82%E5%BD%B9%E6%89%80+%E9%9D%99%E5%B2%A1%E5%BA%81%E8%88%8E/@35.1308125,138.0172447,10z/data=!4m8!1m2!2m1!1z6Z2Z5bKh5biC44CA5biC5b255omA!3m4!1s0x601a4a1e66d605a7:0x3d4b3af8cae621f4!8m2!3d34.9756782!4d138.3827762"
静岡市清水区,35.015728,138.48958,"https://www.google.com/maps/place/%E9%9D%99%E5%B2%A1%E5%B8%82+%E6%B8%85%E6%B0%B4%E5%8C%BA%E5%BD%B9%E6%89%80/@35.0157291,138.4873929,17z/data=!3m1!4b1!4m5!3m4!1s0x601a31583304b85f:0x8f69338131651741!8m2!3d35.0157291!4d138.4895816"
石狩振興局管内,43.064737,141.346036,"https://www.google.com/maps/place/%E7%9F%B3%E7%8B%A9%E6%8C%AF%E8%88%88%E5%B1%80/@43.0645258,141.3435577,17z/data=!3m1!4b1!4m5!3m4!1s0x5f0b299f04625d47:0x140414bd4ba31dfb!8m2!3d43.0645258!4d141.3457464"
石狩振興局管内（江別市）,43.103942,141.536427,"https://www.google.com/maps/place/%E6%B1%9F%E5%88%A5%E5%B8%82%E5%BD%B9%E6%89%80/@43.1037694,141.5339595,17z/data=!3m1!4b1!4m5!3m4!1s0x5f0b320daecfffd1:0x144dc549d761a4ba!8m2!3d43.1037694!4d141.5361482"
石狩振興局管内（千歳市）,42.82083,141.650359,"https://www.google.com/maps/place/%E5%8D%83%E6%AD%B3%E5%B8%82%E5%BD%B9%E6%89%80/@42.8206652,141.6477734,17z/data=!3m1!4b1!4m5!3m4!1s0x5f7520a446951895:0x9d8570be35c58457!8m2!3d42.8206652!4d141.6499621"
石狩振興局管内（北広島市）,42.985691,141.563442,"https://www.google.com/maps/place/%E5%8C%97%E5%BA%83%E5%B3%B6%E5%B8%82%E5%BD%B9%E6%89%80/@42.9855493,141.5608244,17z/data=!3m1!4b1!4m5!3m4!1s0x5f74d3f4a31fd5a7:0x2c9543595c901f8a!8m2!3d42.9855493!4d141.5630131"
石川県,36.594673,136.625663,"https://www.google.com/maps/place/%E7%9F%B3%E5%B7%9D%E7%9C%8C%E5%BA%81/@36.5946708,136.623474,17z/data=!3m1!4b1!4m5!3m4!1s0x5ff9ccc80372f4ed:0x5a26b5cbd535e636!8m2!3d36.5946708!4d136.6256627"
摂津市,34.777371,135.561839,"https://www.google.com/maps/place/%E6%91%82%E6%B4%A5%E5%B8%82%E5%BD%B9%E6%89%80/@34.77737,135.5596503,17z/data=!3m1!4b1!4m5!3m4!1s0x6000e3acc1f41a5b:0x1720138ef785f489!8m2!3d34.77737!4d135.561839"
仙台市,38.268353,140.869704,"https://www.google.com/maps/place/%E4%BB%99%E5%8F%B0%E5%B8%82%E5%BD%B9%E6%89%80/@38.2682051,140.8672368,17z/data=!3m1!4b1!4m5!3m4!1s0x5f8a282ef1ff4d5d:0x6c2640893bd2705b!8m2!3d38.2682009!4d140.8694255"
千葉県,35.605245,140.123596,"https://www.google.com/maps/place/%E5%8D%83%E8%91%89%E7%9C%8C%E5%BA%81/@35.6050793,140.1211393,17z/data=!3m1!4b1!4m5!3m4!1s0x60229b35a786a9c7:0x9dc38d5b3babf6d!8m2!3d35.6050793!4d140.123328"
千葉市,35.607494,140.106784,"https://www.google.com/maps/place/%E3%80%92260-0026+%E5%8D%83%E8%91%89%E7%9C%8C%E5%8D%83%E8%91%89%E5%B8%82%E4%B8%AD%E5%A4%AE%E5%8C%BA%E5%8D%83%E8%91%89%E6%B8%AF%EF%BC%91%E2%88%92%EF%BC%91+%E5%8D%83%E8%91%89%E5%B8%82%E5%BD%B9%E6%89%80/@35.6072851,140.104306,17z/data=!3m1!4b1!4m5!3m4!1s0x602284aed3fa51c1:0xeab9c396ca870458!8m2!3d35.6072851!4d140.1064947"
川越市,35.925308,139.486287,"https://www.google.com/maps/place/%E5%B7%9D%E8%B6%8A%E5%B8%82%E5%BD%B9%E6%89%80/@35.9251477,139.4836048,17z/data=!3m1!4b1!4m5!3m4!1s0x6018da618c4167fb:0xcaee7789476091d!8m2!3d35.9251434!4d139.4857935"
川口市,35.807738,139.724171,"https://www.google.com/maps/place/%E5%9F%BC%E7%8E%89%E7%9C%8C%E5%B7%9D%E5%8F%A3%E5%B8%82/@35.8336985,139.7316973,12z/data=!3m1!4b1!4m5!3m4!1s0x6018948a0c9ceef7:0xb7b232bac1bbd9a0!8m2!3d35.8077356!4d139.7241874"
川崎市,35.53081,139.702998,"https://www.google.com/maps/place/%E5%B7%9D%E5%B4%8E%E5%B8%82%E5%BD%B9%E6%89%80/@35.53081,139.7024508,19z/data=!4m5!3m4!1s0x601860bd1330e523:0xa6d17de0977db021!8m2!3d35.5308074!4d139.702997"
川崎市宮前区,35.5860705,139.5380879,"https://www.google.com/maps/place/%E7%A5%9E%E5%A5%88%E5%B7%9D%E7%9C%8C%E5%B7%9D%E5%B4%8E%E5%B8%82%E5%AE%AE%E5%89%8D%E5%8C%BA/@35.5860705,139.5380879,13z/data=!3m1!4b1!4m5!3m4!1s0x6018f6e144d543a3:0xde6a511cbdb587fb!8m2!3d35.5857512!4d139.5738364"
川崎市幸区,35.5441208,139.6617671,"https://www.google.com/maps/place/%E7%A5%9E%E5%A5%88%E5%B7%9D%E7%9C%8C%E5%B7%9D%E5%B4%8E%E5%B8%82%E5%B9%B8%E5%8C%BA/@35.5441208,139.6617671,14z/data=!3m1!4b1!4m8!1m2!2m1!1z5bed5bSO5biC5bm45Yy6!3m4!1s0x60185fcdb944c15b:0xef2db50ecbbe381f!8m2!3d35.5482343!4d139.6860325"
川崎市高津区,35.5894834,139.5799475,"https://www.google.com/maps/place/%E7%A5%9E%E5%A5%88%E5%B7%9D%E7%9C%8C%E5%B7%9D%E5%B4%8E%E5%B8%82%E9%AB%98%E6%B4%A5%E5%8C%BA/@35.5894834,139.5799475,13z/data=!3m1!4b1!4m5!3m4!1s0x6018f42ca118c08d:0x764756fe52f6bc02!8m2!3d35.5929998!4d139.6146102"
川崎市川崎区,35.5076574,139.6912064,"https://www.google.com/maps/place/%E7%A5%9E%E5%A5%88%E5%B7%9D%E7%9C%8C%E5%B7%9D%E5%B4%8E%E5%B8%82%E5%B7%9D%E5%B4%8E%E5%8C%BA/@35.5076574,139.6912064,12z/data=!3m1!4b1!4m8!1m2!2m1!1z5bed5bSO5biC5bed5bSO5Yy6!3m4!1s0x6018668f9df9dad7:0x70994a6f38245910!8m2!3d35.5222897!4d139.730788"
川崎市多摩区,35.6192766,139.522778,"https://www.google.com/maps/place/%E7%A5%9E%E5%A5%88%E5%B7%9D%E7%9C%8C%E5%B7%9D%E5%B4%8E%E5%B8%82%E5%A4%9A%E6%91%A9%E5%8C%BA/@35.6192766,139.522778,13z/data=!3m1!4b1!4m5!3m4!1s0x6018f0c2c7c963ab:0x9e6d663ca5b68e91!8m2!3d35.6218163!4d139.5381824"
川崎市中原区,35.5752284,139.6209747,"https://www.google.com/maps/place/%E7%A5%9E%E5%A5%88%E5%B7%9D%E7%9C%8C%E5%B7%9D%E5%B4%8E%E5%B8%82%E4%B8%AD%E5%8E%9F%E5%8C%BA/@35.5752284,139.6209747,13z/data=!3m1!4b1!4m5!3m4!1s0x6018f57a2d61a6f1:0x897e42c59dd6b54a!8m2!3d35.5726851!4d139.6554124"
川崎市麻生区,35.603782,139.505658,"https://www.google.com/maps/place/%E5%B7%9D%E5%B4%8E%E5%B8%82+%E9%BA%BB%E7%94%9F%E5%8C%BA%E5%BD%B9%E6%89%80/@35.60378,139.5034691,17z/data=!3m1!4b1!4m5!3m4!1s0x6018fa418f7cbe97:0x80ea473f9b68837f!8m2!3d35.60378!4d139.5056578"
川西市,34.830311,135.417395,"https://www.google.com/maps/place/%E5%B7%9D%E8%A5%BF%E5%B8%82%E5%BD%B9%E6%89%80/@34.8303101,135.4152072,17z/data=!3m1!4b1!4m5!3m4!1s0x6000f72f2ed09421:0xd587a9671f91c05c!8m2!3d34.8303101!4d135.4173959"
泉佐野市,34.406843,135.327337,"https://www.google.com/maps/place/%E6%B3%89%E4%BD%90%E9%87%8E%E5%B8%82%E5%BD%B9%E6%89%80/@34.4068416,135.3251487,17z/data=!3m1!4b1!4m5!3m4!1s0x6000c842cc4a6089:0x23fce3ef3a772a12!8m2!3d34.4068416!4d135.3273374"
泉大津市,34.5042754,135.4082833,"https://www.google.com/maps/place/%E6%B3%89%E5%A4%A7%E6%B4%A5%E5%B8%82%E5%BD%B9%E6%89%80/@34.5042754,135.4082833,17z/data=!3m1!4b1!4m5!3m4!1s0x6000c455d9ed2e1b:0x61b4e5b34dcb49c5!8m2!3d34.504271!4d135.410472"
船橋市,35.694959,139.982622,"https://www.google.com/maps/place/%E8%88%B9%E6%A9%8B%E5%B8%82%E5%BD%B9%E6%89%80/@35.6947065,139.980208,17z/data=!3m1!4b1!4m5!3m4!1s0x60187fd403bee0ad:0x11bd479aa730377c!8m2!3d35.6947065!4d139.9823967"
匝瑳市,35.708004,140.56471,"https://www.google.com/maps/place/%E5%8C%9D%E7%91%B3%E5%B8%82%E5%BD%B9%E6%89%80/@35.7078296,140.5621568,17z/data=!3m1!4b1!4m5!3m4!1s0x6022e4286b6218bb:0xfd9fafcc3f342270!8m2!3d35.7078296!4d140.5643455"
早島町,34.6008254,133.8261153,"https://www.google.com/maps/place/%E6%97%A9%E5%B3%B6%E7%94%BA%E5%BD%B9%E5%A0%B4/@34.6008254,133.8261153,17z/data=!3m1!4b1!4m5!3m4!1s0x3553fe7de50764ff:0x52d17c1cba16bc65!8m2!3d34.600821!4d133.828304"
糟屋郡（粕屋保健福祉事務所）,33.620039,130.4727733,"https://www.google.com/maps/search/%E7%B2%95%E5%B1%8B%E4%BF%9D%E5%81%A5%E7%A6%8F%E7%A5%89%E4%BA%8B%E5%8B%99%E6%89%80/@33.620039,130.4727733,17z/data=!3m1!4b1"
草加市,35.825355,139.805402,"https://www.google.com/maps/place/%E5%9F%BC%E7%8E%89%E7%9C%8C%E8%8D%89%E5%8A%A0%E5%B8%82/@35.8383351,139.8022428,13z/data=!3m1!4b1!4m5!3m4!1s0x6018913074c9ce47:0x5b0bd51f9f015d0b!8m2!3d35.8254078!4d139.805378"
草津市,35.0129999,135.9575736,"https://www.google.com/maps/place/%E8%8D%89%E6%B4%A5%E5%B8%82%E5%BD%B9%E6%89%80/@35.0129999,135.9575736,17z/data=!3m1!4b1!4m5!3m4!1s0x6001725809f42a29:0x8738cae47a81ee60!8m2!3d35.0129955!4d135.9597623"
大阪市,34.69374,135.502163,"https://www.google.com/maps/place/%E5%A4%A7%E9%98%AA%E5%B8%82%E5%BD%B9%E6%89%80/@34.6937381,135.4999759,17z/data=!3m1!4b1!4m5!3m4!1s0x6000e6e8a65b343f:0x2e1148b61ea19b98!8m2!3d34.6937381!4d135.5021646"
大阪府,34.686623,135.519939,"https://www.google.com/maps/search/%E5%A4%A7%E9%98%AA%E5%BA%9C%E5%BA%81/@34.6852821,135.5112702,16z/data=!3m1!4b1"
大治町,35.175095,136.8201,"https://www.google.com/maps/place/%E5%A4%A7%E6%B2%BB%E7%94%BA%E5%BD%B9%E5%A0%B4/@35.175095,136.8201,15z/data=!4m5!3m4!1s0x0:0xa175b2c5de888a18!8m2!3d35.175095!4d136.8201"
大津市,35.018356,135.854621,"https://www.google.com/maps/place/%E5%A4%A7%E6%B4%A5%E5%B8%82%E5%BD%B9%E6%89%80/@35.0183567,135.8524326,17z/data=!3m1!4b1!4m5!3m4!1s0x60010c70e5403df3:0x2f568a09b8225e2b!8m2!3d35.0183567!4d135.8546213"
大島郡和泊町,27.3923107,128.6533083,"https://www.google.com/maps/place/%E5%92%8C%E6%B3%8A%E7%94%BA%E5%BD%B9%E5%A0%B4/@27.3923107,128.6533083,17z/data=!3m1!4b1!4m5!3m4!1s0x34e16278d0d1737d:0xe375d9d6d125f8cf!8m2!3d27.392306!4d128.655497"
大東市,34.71197,135.623436,"https://www.google.com/maps/place/%E5%A4%A7%E6%9D%B1%E5%B8%82%E5%BD%B9%E6%89%80/@34.7119687,135.6212462,17z/data=!3m1!4b1!4m5!3m4!1s0x60011f8dc561ad39:0xfdb459cd303429e3!8m2!3d34.7119687!4d135.6234349"
大分市,33.23949,131.609111,"https://www.google.com/maps/place/%E5%A4%A7%E5%88%86%E5%B8%82%E5%BD%B9%E6%89%80/@33.2394875,131.6069245,17z/data=!3m1!4b1!4m5!3m4!1s0x35469f7a2f5735e9:0xf2e30748ab787b36!8m2!3d33.2394875!4d131.6091132"
丹波市,35.177174,135.035859,"https://www.google.com/maps/place/%E4%B8%B9%E6%B3%A2%E5%B8%82%E5%BD%B9%E6%89%80+%E6%9C%AC%E5%BA%81%E8%88%8E/@35.177167,135.0336733,17z/data=!3m1!4b1!4m5!3m4!1s0x600007004402ea65:0x5251d35092b08d17!8m2!3d35.177167!4d135.035862"
胆振総合振興局管内,42.368085,141.081643,"https://www.google.com/maps/place/%E8%83%86%E6%8C%AF%E7%B7%8F%E5%90%88%E6%8C%AF%E8%88%88%E5%B1%80/@42.4552826,141.3096094,9z/data=!4m8!1m2!2m1!1z6IOG5oyv57eP5ZCI5oyv6IiI5bGA!3m4!1s0x0:0xc3c15e0580c5ee1c!8m2!3d42.3206049!4d140.9719276"
胆振総合振興局管内（苫小牧市）,42.634213,141.605912,"https://www.google.com/maps/place/%E8%8B%AB%E5%B0%8F%E7%89%A7%E5%B8%82%E5%BD%B9%E6%89%80/@42.6340159,141.6034229,17z/data=!3m1!4b1!4m5!3m4!1s0x5f7510c3cf973837:0x63eb268568e8fdc5!8m2!3d42.6340159!4d141.6056116"
池田市,34.821674,135.428402,"https://www.google.com/maps/place/%E6%B1%A0%E7%94%B0%E5%B8%82%E5%BD%B9%E6%89%80/@34.82167,135.4262147,17z/data=!3m1!4b1!4m5!3m4!1s0x6000f0c901d0112f:0xfdc4d39b6b22154d!8m2!3d34.82167!4d135.4284034"
竹田市,32.9737341,131.395802,"https://www.google.com/maps/place/%E7%AB%B9%E7%94%B0%E5%B8%82%E5%BD%B9%E6%89%80/@32.9737341,131.395802,17z/data=!3m1!4b1!4m5!3m4!1s0x3546cee11c3d2ffd:0x3e6350f649d5fbdf!8m2!3d32.9737296!4d131.3979907"
筑後市,33.212327,130.502082,"https://www.google.com/maps/place/%E7%AD%91%E5%BE%8C%E5%B8%82%E5%BD%B9%E6%89%80/@33.212327,130.502082,15z/data=!4m5!3m4!1s0x0:0x393e8db401213f00!8m2!3d33.212327!4d130.502082"
筑紫野市,33.4875882,130.5258796,"https://www.google.com/maps/place/%E7%AD%91%E7%B4%AB%E9%87%8E%E5%B8%82%E5%BD%B9%E6%89%80/@33.4875882,130.5258796,15z/data=!4m5!3m4!1s0x0:0x222d1e0971920cc1!8m2!3d33.4875882!4d130.5258796"
筑西市,36.317783,139.979537,"https://www.google.com/maps/place/%E7%AD%91%E8%A5%BF%E5%B8%82%E5%BD%B9%E6%89%80/@36.3052892,139.9772843,17z/data=!3m1!4b1!4m5!3m4!1s0x601f551e4ebd2b19:0x768fc5cbccaf3de4!8m2!3d36.3052849!4d139.979473"
中央西福祉保健所管内,33.498835,133.293251,"https://www.google.com/maps/place/%E4%B8%AD%E5%A4%AE%E8%A5%BF%E7%A6%8F%E7%A5%89%E4%BF%9D%E5%81%A5%E6%89%80/@33.4988407,133.2910396,17z/data=!4m8!1m2!2m1!1z44CA6auY55-l55yM44CA5Lit5aSu6KW_56aP56WJ5L-d5YGl5omA!3m4!1s0x354e3703cd64d247:0x9192ea37e28c16d7!8m2!3d33.49885!4d133.293205"
中央東福祉保健所管内,33.596353,133.690062,"https://www.google.com/maps/place/%E4%B8%AD%E5%A4%AE%E6%9D%B1%E7%A6%8F%E7%A5%89%E4%BF%9D%E5%81%A5%E6%89%80/@33.59635,133.6878723,17z/data=!3m1!4b1!4m5!3m4!1s0x3551fdbc23d6cd99:0x7f8f3d2bedae12c5!8m2!3d33.59635!4d133.690061"
中間市,33.8216636,130.6986054,"https://www.google.com/maps/search/%E4%B8%AD%E9%96%93%E5%B8%82%E5%B8%82%E5%BD%B9%E6%89%80/@33.8216636,130.6986054,14z/data=!3m1!4b1"
中国（武漢市）,30.596269,114.311361,"https://www.google.com/maps/search/%E6%AD%A6%E6%BC%A2%E5%B8%82%E4%BA%BA%E6%B0%91%E6%94%BF%E5%BA%9C/@30.5870337,114.2426961,13z/data=!3m1!4b1"
中国武漢市,30.593101,114.305393,"https://www.google.com/maps/place/%E6%AD%A6%E6%BC%A2%E5%B8%82%E4%BA%BA%E6%B0%91%E6%94%BF%E5%BA%9C/@30.5930784,114.3052624,21z/data=!4m13!1m7!3m6!1s0x342eaf3945dfec63:0x183c5649518c10a2!2zMTg4IFlhbiBKaWFuZyBEYSBEYW8sIEppYW5nYW4gUXUsIFd1aGFuIFNoaSwgSHViZWkgU2hlbmcsIOS4reiPr-S6uuawkeWFseWSjOWbvSA0MzAwMTI!3b1!8m2!3d30.592623!4d114.30553!3m4!1s0x342eaf3944881e49:0x85478268f6620806!8m2!3d30.5930989!4d114.3053929"
中丹管内,35.300577,135.260968,"https://www.google.com/maps/place/%E4%BA%AC%E9%83%BD%E5%BA%9C%E7%B6%BE%E9%83%A8%E7%B7%8F%E5%90%88%E5%BA%81%E8%88%8E/@35.3005511,135.2607971,21z/data=!4m8!1m2!2m1!1z5Lqs6YO944CA5Lit5Li5!3m4!1s0x6000192065e07665:0x280394238869b9f0!8m2!3d35.3005771!4d135.2609675"
中部保健所管内,26.3477091,127.8174405,"https://www.google.com/maps/place/Okinawa+Central+Health+Center/@26.3477091,127.8174405,17z/data=!3m1!4b1!4m5!3m4!1s0x34e50e087c390a53:0xe6d981b8c31c267f!8m2!3d26.3477043!4d127.8196292"
中和保健所管内,34.52281,135.817919,"https://www.google.com/maps/place/%E4%B8%AD%E5%92%8C%E4%BF%9D%E5%81%A5%E6%89%80/@34.5225846,135.8151405,17z/data=!3m1!4b1!4m5!3m4!1s0x6001334369fcab55:0x3f7d15b3e6c22557!8m2!3d34.5225802!4d135.8173292"
長岡市,37.446589,138.851224,"https://www.google.com/maps/place/%E9%95%B7%E5%B2%A1%E5%B8%82%E5%BD%B9%E6%89%80/@37.4423079,138.6034075,10z/data=!4m8!1m2!2m1!1z6ZW35bKh5biC44CA5biC5b255omA!3m4!1s0x5ff5a8539746949d:0x2b99dcb59ac31681!8m2!3d37.4465874!4d138.8512244"
長久手市,35.1841294,137.0487669,"https://www.google.com/maps/place/%E9%95%B7%E4%B9%85%E6%89%8B%E5%B8%82%E5%BD%B9%E6%89%80/@35.1841294,137.0487669,15z/data=!4m5!3m4!1s0x0:0xecd96c119b7003b0!8m2!3d35.1841294!4d137.0487669"
長浜市,35.3807068,136.276157,"https://www.google.com/maps/place/%E9%95%B7%E6%B5%9C%E5%B8%82%E5%BD%B9%E6%89%80/@35.3807068,136.276157,17z/data=!3m1!4b1!4m5!3m4!1s0x6002293a649c8079:0x9d200ddf75c7cba!8m2!3d35.3807024!4d136.2783457"
長与町,32.825056,129.874948,"https://www.google.com/maps/place/%E9%95%B7%E4%B8%8E%E7%94%BA%E5%BD%B9%E5%A0%B4/@32.825056,129.8748112,21z/data=!4m13!1m7!3m6!1s0x0:0x0!2zMzLCsDQ5JzMwLjIiTiAxMjnCsDUyJzI5LjgiRQ!3b1!8m2!3d32.825056!4d129.874948!3m4!1s0x356aac3c3034388f:0x919db887a2122737!8m2!3d32.8249887!4d129.8749483"
田尻町,34.394021,135.291509,"https://www.google.com/maps/place/%E7%94%B0%E5%B0%BB%E7%94%BA%E5%BD%B9%E5%A0%B4/@34.3937864,135.2889873,17z/data=!3m1!4b1!4m5!3m4!1s0x6000b7e7ca7ff42b:0x7755c2df2eed0923!8m2!3d34.393782!4d135.291176"
渡島総合振興局管内（七飯町）,41.895907,140.694947,"https://www.google.com/maps/place/%E4%B8%83%E9%A3%AF%E7%94%BA%E5%BD%B9%E5%A0%B4/@41.8974667,140.6938391,16.67z/data=!4m13!1m7!3m6!1s0x0:0x0!2zNDHCsDUzJzU5LjQiTiAxNDDCsDQxJzUyLjAiRQ!3b1!8m2!3d41.899827!4d140.697765!3m4!1s0x5f9ef8129c783985:0x8df0654a6e7cdbd0!8m2!3d41.8957108!4d140.6944048"
渡島総合振興局管内（知内町）,41.598501,140.419456,"https://www.google.com/maps/place/%E7%9F%A5%E5%86%85%E7%94%BA%E5%BD%B9%E5%A0%B4/@41.5983562,140.4167741,17z/data=!3m1!4b1!4m5!3m4!1s0x5f9eb8a68ad2e7df:0xe34497cd3042651e!8m2!3d41.5983562!4d140.4189628"
渡島総合振興局管内（函館市）,41.768919,140.729328,"https://www.google.com/maps/place/%E3%80%92040-0036+%E5%8C%97%E6%B5%B7%E9%81%93%E5%87%BD%E9%A4%A8%E5%B8%82%E6%9D%B1%E9%9B%B2%E7%94%BA%EF%BC%94%E2%88%92%EF%BC%91%EF%BC%93+%E5%87%BD%E9%A4%A8%E5%B8%82%E5%BD%B9%E6%89%80/@41.7687349,140.7267964,17z/data=!3m1!4b1!4m5!3m4!1s0x5f9ef30a854b14dd:0x3985aa2e2019b37e!8m2!3d41.7687349!4d140.7289851"
渡島総合振興局管内（八雲町）,42.256154,140.265622,"https://www.google.com/maps/place/%E5%85%AB%E9%9B%B2%E7%94%BA%E5%BD%B9%E5%A0%B4/@42.255971,140.2630903,17z/data=!3m1!4b1!4m5!3m4!1s0x5f9f9eb5a4279b59:0x2f7825b24a6b4fd5!8m2!3d42.255971!4d140.265279"
渡島総合振興局管内（木古内町）,41.678598,140.437911,"https://www.google.com/maps/place/%E6%9C%A8%E5%8F%A4%E5%86%85%E7%94%BA%E5%BD%B9%E5%A0%B4/@41.67843,140.4353463,17z/data=!3m1!4b1!4m5!3m4!1s0x5f9ec1ee586cb7a5:0x8f53c2bc3595185e!8m2!3d41.67843!4d140.437535"
砥部町,33.7492644,132.7900443,"https://www.google.com/maps/place/%E7%A0%A5%E9%83%A8%E7%94%BA%E5%BD%B9%E5%A0%B4/@33.7492644,132.7900443,17z/data=!3m1!4b1!4m5!3m4!1s0x354fe956e94962bb:0x2b18fe3a842fd65d!8m2!3d33.74926!4d132.792233"
土浦市,36.078297,140.204333,"https://www.google.com/maps/place/%E8%8C%A8%E5%9F%8E%E7%9C%8C%E5%9C%9F%E6%B5%A6%E5%B8%82/@36.0952215,140.2044974,12z/data=!3m1!4b1!4m5!3m4!1s0x602212c0ad8ae59f:0xce4beeeefdd2d0d0!8m2!3d36.0783182!4d140.2042457"
島尻郡,26.158228,127.718729,"https://www.google.com/maps/place/%E5%85%AB%E9%87%8D%E7%80%AC%E7%94%BA%E5%BD%B9%E5%A0%B4/@26.1635533,127.7002243,13z/data=!4m8!1m2!2m1!1z5bO25bC76YOh44CA5b255aC0!3m4!1s0x0:0x1b1865dbed16906d!8m2!3d26.1582114!4d127.7187252"
東浦町,34.977112,136.9659452,"https://www.google.com/maps/place/%E6%9D%B1%E6%B5%A6%E7%94%BA%E5%BD%B9%E5%A0%B4/@34.977112,136.9659452,15z/data=!4m5!3m4!1s0x0:0xde7ddb18bdcea77f!8m2!3d34.977112!4d136.9659452"
東海市,35.023027,136.9023244,"https://www.google.com/maps/place/%E6%9D%B1%E6%B5%B7%E5%B8%82%E5%BD%B9%E6%89%80/@35.023027,136.9023244,15z/data=!4m5!3m4!1s0x0:0x50bb01f967cb9230!8m2!3d35.023027!4d136.9023244"
東京都,35.689791,139.692094,"https://www.google.com/maps/search/%E6%9D%B1%E4%BA%AC%E9%83%BD%E5%BA%81/@35.6889281,139.6900551,17z/data=!3m1!4b1"
東京都江戸川区,35.6924449,139.8410047,"https://www.google.com/maps/place/%E6%9D%B1%E4%BA%AC%E9%83%BD%E6%B1%9F%E6%88%B8%E5%B7%9D%E5%8C%BA/@35.6924449,139.8410047,13z/data=!3m1!4b1!4m5!3m4!1s0x601887b512a92397:0x7bd5a07d7b7a5ed3!8m2!3d35.7067011!4d139.8681899"
東近江市,35.112616,136.207593,"https://www.google.com/maps/place/%E6%9D%B1%E8%BF%91%E6%B1%9F%E5%B8%82%E5%BD%B9%E6%89%80/@35.112606,136.2054013,17z/data=!3m1!4b1!4m5!3m4!1s0x600162aac8e28353:0x9fd69c96f75ffae8!8m2!3d35.112606!4d136.20759"
東大阪,34.67945,135.600983,"https://www.google.com/maps/place/%E6%9D%B1%E5%A4%A7%E9%98%AA%E5%B8%82%E5%BD%B9%E6%89%80/@34.6794486,135.5987953,17z/data=!3m1!4b1!4m5!3m4!1s0x6001200a7a1da6fd:0x2c5135b384f04454!8m2!3d34.6794486!4d135.600984"
東大阪市,34.67945,135.600985,"https://www.google.com/maps/place/%E6%9D%B1%E5%A4%A7%E9%98%AA%E5%B8%82%E5%BD%B9%E6%89%80/@34.6794486,135.5987953,17z/data=!3m1!4b1!4m5!3m4!1s0x6001200a7a1da6fd:0x2c5135b384f04454!8m2!3d34.6794486!4d135.600984"
藤井寺市,34.5743552,135.595324,"https://www.google.com/maps/place/%E8%97%A4%E4%BA%95%E5%AF%BA%E5%B8%82%E5%BD%B9%E6%89%80/@34.5743552,135.595324,17z/data=!3m1!4b1!4m5!3m4!1s0x6000d876e5d928eb:0x842000c907e4be4e!8m2!3d34.5743508!4d135.5975127"
藤沢市,35.338778,139.490896,"https://www.google.com/maps/place/%E8%97%A4%E6%B2%A2%E5%B8%82%E5%BD%B9%E6%89%80/@35.3387758,139.4887078,17z/data=!3m1!4b1!4m5!3m4!1s0x60184fcbb6691a4f:0x8a2c58440f5e0ff7!8m2!3d35.3387758!4d139.4908965"
徳島保健所管内,34.069994,134.560678,"https://www.google.com/maps/place/%E5%BE%B3%E5%B3%B6%E4%BF%9D%E5%81%A5%E6%89%80/@34.0699925,134.5584907,17z/data=!3m1!4b1!4m5!3m4!1s0x35536d68ecb0d1f9:0x96fd23937fda8eee!8m2!3d34.0699925!4d134.5606794"
栃木県,36.566022,139.884087,"https://www.google.com/maps/place/%E6%A0%83%E6%9C%A8%E7%9C%8C%E5%BA%81/@36.5658107,139.881426,17z/data=!3m1!4b1!4m5!3m4!1s0x601f67b06f67c663:0x94342ad8bca69097!8m2!3d36.5658064!4d139.8836147"
栃木県 宇都宮市,36.555317,139.883094,"https://www.google.com/maps/place/%E5%AE%87%E9%83%BD%E5%AE%AE%E5%B8%82%E5%BD%B9%E6%89%80/@36.5551918,139.8803152,17z/data=!3m1!4b1!4m5!3m4!1s0x601f67962d1f838d:0xe7ca74a8d074f727!8m2!3d36.5551875!4d139.8825039"
栃木県（県南健康福祉センター管内）,36.313971,139.825885,"https://www.google.com/maps/search/%E6%A0%83%E6%9C%A8%E7%9C%8C%E7%9C%8C%E5%8D%97%E5%81%A5%E5%BA%B7%E7%A6%8F%E7%A5%89%E3%82%BB%E3%83%B3%E3%82%BF%E3%83%BC/@36.313798,139.8243188,17z/data=!3m1!4b1"
栃木県安足健康福祉センター管内,36.339703,139.475146,"https://www.google.com/maps/place/%E5%AE%89%E8%B6%B3%E5%81%A5%E5%BA%B7%E7%A6%8F%E7%A5%89%E3%82%BB%E3%83%B3%E3%82%BF%E3%83%BC/@36.3393703,139.4725498,17z/data=!4m8!1m2!2m1!1z5qCD5pyo55yM5a6J6Laz5YGl5bq356aP56WJ44K744Oz44K_44O8!3m4!1s0x601f224dcde647a1:0xf5d859550ed408e4!8m2!3d36.339472!4d139.474733"
栃木県県西健康福祉センター,36.565854,139.74323,"https://www.google.com/maps/place/%E6%A0%83%E6%9C%A8%E7%9C%8C+%E7%9C%8C%E8%A5%BF%E5%81%A5%E5%BA%B7%E7%A6%8F%E7%A5%89%E3%82%BB%E3%83%B3%E3%82%BF%E3%83%BC/@36.5657639,139.7406763,17z/data=!3m1!4b1!4m5!3m4!1s0x601f6c6f6604fa4d:0x6cfd2ff72189607b!8m2!3d36.5657596!4d139.742865"
栃木県県南健康福祉センター,36.314066,139.826754,"https://www.google.com/maps/place/%E6%A0%83%E6%9C%A8%E7%9C%8C+%E7%9C%8C%E5%8D%97%E5%81%A5%E5%BA%B7%E7%A6%8F%E7%A5%89%E3%82%BB%E3%83%B3%E3%82%BF%E3%83%BC/@36.3138023,139.8243188,17z/data=!4m8!1m2!2m1!1z5qCD5pyo55yM55yM5Y2X5YGl5bq356aP56WJ44K744Oz44K_44O8!3m4!1s0x601f4e682eaea15d:0x1340d2a969d8408!8m2!3d36.313845!4d139.826292"
奈良県,34.685307,135.832866,"https://www.google.com/maps/place/%E5%A5%88%E8%89%AF%E7%9C%8C%E5%BA%81/@34.6853026,135.8306758,17z/data=!3m1!4b1!4m5!3m4!1s0x60013985e0194319:0xb7ac73d91cbbab3d!8m2!3d34.6853026!4d135.8328645"
奈良市,34.685121,135.804995,"https://www.google.com/maps/place/%E5%A5%88%E8%89%AF%E5%B8%82%E5%BD%B9%E6%89%80/@34.685117,135.8028063,17z/data=!3m1!4b1!4m5!3m4!1s0x60013bb6a7d85e99:0xee5fef8189717747!8m2!3d34.685117!4d135.804995"
那覇市,26.21244,127.67916,"https://www.google.com/maps/place/%E9%82%A3%E8%A6%87%E5%B8%82%E5%BD%B9%E6%89%80/@26.2121607,127.6769606,17z/data=!3m1!4b1!4m5!3m4!1s0x34e56bd6e046d289:0x345ffb669fadbd4f!8m2!3d26.2121607!4d127.6791493"
南部保健所管内,26.200113,127.738412,"https://www.google.com/maps/place/%E5%8D%97%E9%83%A8%E4%BF%9D%E5%81%A5%E6%89%80%E5%89%8D/@26.200058,127.7378518,19z/data=!4m12!1m6!3m5!1s0x34e56ea4b61cc22f:0xfce11e640e6dd393!2z5Y2X6YOo5L-d5YGl5omA5YmN!8m2!3d26.200058!4d127.738399!3m4!1s0x34e56ea4b61cc22f:0xfce11e640e6dd393!8m2!3d26.200058!4d127.738399"
尼崎市,34.734056,135.406507,"https://www.google.com/maps/place/%E5%B0%BC%E5%B4%8E%E5%B8%82%E5%BD%B9%E6%89%80/@34.7340554,135.4043176,17z/data=!3m1!4b1!4m5!3m4!1s0x6000ee36b5162ead:0xd4c53b032ff80d27!8m2!3d34.7340554!4d135.4065063"
日高振興局管内（新ひだか町）,42.342228,142.368275,"https://www.google.com/maps/search/%E6%96%B0%E3%81%B2%E3%81%A0%E3%81%8B%E7%94%BA%E5%BD%B9%E5%A0%B4/@42.3396165,142.3677136,15.88z"
日田市,33.3210456,130.9391217,"https://www.google.com/maps/place/Hita+City+Hall/@33.3210456,130.9391217,17z/data=!4m5!3m4!1s0x35416a18e03a54a7:0x7be70e95b3b07e4a!8m2!3d33.3210411!4d130.9413104"
日南市,31.6019396,131.3765443,"https://www.google.com/maps/place/Nichinan+City+Hall/@31.6019396,131.3765443,17z/data=!3m1!4b1!4m5!3m4!1s0x3538d6685817f73f:0x7f5408fed5caf073!8m2!3d31.601935!4d131.378733"
入間市,35.83617,139.391471,"https://www.google.com/maps/place/%E5%85%A5%E9%96%93%E5%B8%82%E5%BD%B9%E6%89%80/@35.8359396,139.3888425,17z/data=!3m1!4b1!4m5!3m4!1s0x6018d8cf49654b4f:0xcefdb5254ee2fd7b!8m2!3d35.8359353!4d139.3910312"
柏原市,34.5792871,135.6264542,"https://www.google.com/maps/place/%E6%9F%8F%E5%8E%9F%E5%B8%82%E5%BD%B9%E6%89%80/@34.5792871,135.6264542,17z/data=!3m1!4b1!4m5!3m4!1s0x600127c624668f71:0x521b534a1490987f!8m2!3d34.5792871!4d135.6286429"
柏市,35.867679,139.976461,"https://www.google.com/maps/place/%E6%9F%8F%E5%B8%82%E5%BD%B9%E6%89%80/@35.8674963,139.973886,17z/data=!3m1!4b1!4m5!3m4!1s0x60189ce24f400001:0x9da8dc512905ca6!8m2!3d35.8674963!4d139.9760747"
白岡市,36.019282,139.677549,"https://www.google.com/maps/place/%E7%99%BD%E5%B2%A1%E5%B8%82%E5%BD%B9%E6%89%80/@36.0190781,139.6749206,17z/data=!3m1!4b1!4m5!3m4!1s0x6018c809745974dd:0xa24dd9ba9e642621!8m2!3d36.0190738!4d139.6771093"
幡多福祉保健所管内,32.9914495,132.945896,"https://www.google.com/maps/place/%E9%AB%98%E7%9F%A5%E7%9C%8C%E5%B9%A1%E5%A4%9A%E7%B7%8F%E5%90%88%E5%BA%81%E8%88%8E%E5%B9%A1%E5%A4%9A%E7%A6%8F%E7%A5%89%E4%BF%9D%E5%81%A5%E6%89%80+%E8%A1%9B%E7%94%9F%E7%92%B0%E5%A2%83%E8%AA%B2%E7%92%B0%E5%A2%83%E6%8B%85%E5%BD%93/@32.9914495,132.945896,15z/data=!4m8!1m2!2m1!1z5bmh5aSa56aP56WJ5L-d5YGl5omA!3m4!1s0x354f3e62dc3604ed:0x795763ef69e02205!8m2!3d32.992403!4d132.930936"
八戸市,40.512587,141.489092,"https://www.google.com/maps/place/%E5%85%AB%E6%88%B8%E5%B8%82%E5%BA%81/@40.5124485,141.4864312,17z/data=!3m1!4b1!4m5!3m4!1s0x5f9b520f61305437:0x776ac46f08ec5056!8m2!3d40.5124485!4d141.4886199"
八潮市,35.822609,139.839143,"https://www.google.com/maps/place/%E5%85%AB%E6%BD%AE%E5%B8%82%E5%BD%B9%E6%89%80/@35.8225433,139.8369863,17z/data=!3m1!4b1!4m5!3m4!1s0x60189061632d4229:0x529bc4b06c91473e!8m2!3d35.822539!4d139.839175"
八尾市,34.626876,135.600883,"https://www.google.com/maps/place/%E5%85%AB%E5%B0%BE%E5%B8%82%E5%BD%B9%E6%89%80/@34.6268739,135.5986948,17z/data=!3m1!4b1!4m5!3m4!1s0x6000d8abe1308301:0x9ebcfed208539f4d!8m2!3d34.6268739!4d135.6008835"
半田市,34.891709,136.937965,"https://www.google.com/maps/place/%E5%8D%8A%E7%94%B0%E5%B8%82%E5%BD%B9%E6%89%80/@34.8917065,136.935775,17z/data=!3m1!4b1!4m5!3m4!1s0x600485a8de9bf8bb:0xd35d41972019ff07!8m2!3d34.8917065!4d136.9379637"
飯塚市,33.646781,130.69127,"https://www.google.com/maps/place/%E9%A3%AF%E5%A1%9A%E5%B8%82%E5%BD%B9%E6%89%80/@33.6465623,130.6889092,17z/data=!3m1!4b1!4m5!3m4!1s0x35417e23e19351b5:0xa36d5287a36d7713!8m2!3d33.6465579!4d130.6910979"
尾張地方,35.181451,136.906694,"https://www.google.com/maps/place/%E5%90%8D%E5%8F%A4%E5%B1%8B%E5%B8%82%E5%BD%B9%E6%89%80/@35.1814508,136.9045057,17z/data=!3m1!4b1!4m5!3m4!1s0x6003712dbfa2718f:0x6dc8f7587fe509fd!8m2!3d35.1814508!4d136.9066944"
尾道市,34.409298,133.205713,"https://www.google.com/maps/place/%E5%B0%BE%E9%81%93%E5%B8%82%E5%BD%B9%E6%89%80/@34.4092963,133.2035251,17z/data=!3m1!4b1!4m5!3m4!1s0x355101ae0d19be31:0x8df301aa36e46010!8m2!3d34.4092963!4d133.2057138"
姫路市,34.815175,134.685386,"https://www.google.com/maps/place/%E5%A7%AB%E8%B7%AF%E5%B8%82%E5%BD%B9%E6%89%80/@34.8151693,134.6831972,17z/data=!3m1!4b1!4m5!3m4!1s0x3554e06137d676bf:0xd859314c8ad89244!8m2!3d34.8151693!4d134.6853859"
富山市,36.696115,137.213631,"https://www.google.com/maps/place/%E5%AF%8C%E5%B1%B1%E5%B8%82%E5%BD%B9%E6%89%80/@36.6959518,137.2114964,17z/data=!3m1!4b1!4m5!3m4!1s0x5ff79085810d2b23:0xd128ec674ed1fcba!8m2!3d36.6959518!4d137.2136851"
富士見市,35.856906,139.549782,"https://www.google.com/maps/place/%E5%AF%8C%E5%A3%AB%E8%A6%8B%E5%B8%82%E5%BD%B9%E6%89%80/@35.8567629,139.546885,17z/data=!3m1!4b1!4m5!3m4!1s0x6018c31f903655a5:0xa5393c8338d5d725!8m2!3d35.8567586!4d139.5490737"
府中町,34.3923303,132.5021363,"https://www.google.com/maps/place/Fuch%C5%AB+Town+Hall/@34.3923303,132.5021363,17z/data=!3m1!4b1!4m5!3m4!1s0x355a9f710b3e4047:0x62419648be8bdd3!8m2!3d34.3923259!4d132.504325"
武雄市,33.1947551,130.019386,"https://www.google.com/maps/place/%E6%AD%A6%E9%9B%84%E5%B8%82%E5%BD%B9%E6%89%80/@33.1947551,130.019386,17z/data=!3m1!4b1!4m5!3m4!1s0x35402856f2b8e287:0x290d1681e9ec337f!8m2!3d33.1947506!4d130.0215747"
福井市,36.064063,136.21954,"https://www.google.com/maps/place/%E7%A6%8F%E4%BA%95%E5%B8%82%E5%BD%B9%E6%89%80/@36.0640618,136.2173511,17z/data=!3m1!4b1!4m5!3m4!1s0x5ff8beedc54968c1:0xafb059ae3e6236eb!8m2!3d36.0640618!4d136.2195398"
福岡市,33.590246,130.401782,"https://www.google.com/maps/place/%E7%A6%8F%E5%B2%A1%E5%B8%82%E5%BD%B9%E6%89%80/@33.5896467,130.273408,12z/data=!4m8!1m2!2m1!1z56aP5bKh5biC44CA5biC5b255omA!3m4!1s0x35419191c6bf9d81:0x5999335c14be57dc!8m2!3d33.5902425!4d130.4017862"
福岡市城南区,33.5756336,130.3698943,"https://www.google.com/maps/place/%E7%A6%8F%E5%B2%A1%E5%B8%82+%E5%9F%8E%E5%8D%97%E5%8C%BA%E5%BD%B9%E6%89%80/@33.5756336,130.3698943,15z/data=!4m5!3m4!1s0x0:0x3172ad7dd0e610ee!8m2!3d33.5756336!4d130.3698943"
福岡市西区,33.5826183,130.3230344,"https://www.google.com/maps/place/%E7%A6%8F%E5%B2%A1%E5%B8%82+%E8%A5%BF%E5%8C%BA%E5%BD%B9%E6%89%80/@33.5826183,130.3230344,15z/data=!4m5!3m4!1s0x0:0xe30615fd6090149d!8m2!3d33.5826183!4d130.3230344"
福岡市早良区,33.581944,130.348408,"https://www.google.com/maps/place/%E7%A6%8F%E5%B2%A1%E5%B8%82+%E6%97%A9%E8%89%AF%E5%8C%BA%E5%BD%B9%E6%89%80/@33.581944,130.348408,15z/data=!4m5!3m4!1s0x0:0xc9d616c4528b91b7!8m2!3d33.581944!4d130.348408"
福岡市中央区,33.5893941,130.3930231,"https://www.google.com/maps/place/%E7%A6%8F%E5%B2%A1%E5%B8%82+%E4%B8%AD%E5%A4%AE%E5%8C%BA%E5%BD%B9%E6%89%80/@33.5893941,130.3930231,15z/data=!4m5!3m4!1s0x0:0x9b8b619adc53b86f!8m2!3d33.5893941!4d130.3930231"
福岡市東区,33.6178329,130.4173391,"https://www.google.com/maps/place/%E7%A6%8F%E5%B2%A1%E5%B8%82+%E6%9D%B1%E5%8C%BA%E5%BD%B9%E6%89%80/@33.6178329,130.4173391,15z/data=!4m5!3m4!1s0x0:0xb3e281973a9a581d!8m2!3d33.6178329!4d130.4173391"
福岡市南区,33.5615,130.426351,"https://www.google.com/maps/place/%E7%A6%8F%E5%B2%A1%E5%B8%82+%E5%8D%97%E5%8C%BA%E5%BD%B9%E6%89%80/@33.5615,130.426351,15z/data=!4m5!3m4!1s0x0:0x1fbfe4dec52f8fcb!8m2!3d33.5615!4d130.426351"
福岡市博多区,33.5913977,130.4149409,"https://www.google.com/maps/place/%E7%A6%8F%E5%B2%A1%E5%B8%82+%E5%8D%9A%E5%A4%9A%E5%8C%BA%E5%BD%B9%E6%89%80/@33.5913977,130.4149409,15z/data=!4m5!3m4!1s0x0:0x375bd70fbfdc83a0!8m2!3d33.5913977!4d130.4149409"
福崎町,34.950316,134.760229,"https://www.google.com/maps/place/%E7%A6%8F%E5%B4%8E%E7%94%BA%E5%BD%B9%E5%A0%B4/@34.9503084,134.7580401,17z/data=!3m1!4b1!4m5!3m4!1s0x3555234bbee55555:0x63714458f7eb6d66!8m2!3d34.9503084!4d134.7602288"
福山市,34.4860097,133.3601275,"https://www.google.com/maps/place/Fukuyama+City+Office/@34.4860097,133.3601275,17z/data=!3m1!4b1!4m5!3m4!1s0x355110fb9e7b2e0d:0x109de7179a836495!8m2!3d34.4860053!4d133.3623162"
兵庫県,34.690972,135.183316,"https://www.google.com/maps/place/%E5%85%B5%E5%BA%AB%E7%9C%8C%E5%BA%81/@34.6768632,135.034239,12z/data=!4m8!1m2!2m1!1z5YW15bqr55yM44CA55yM5bqB!3m4!1s0x60008f1c6ca1e145:0x99ce8c7d4fde267e!8m2!3d34.690972!4d135.1833177"
碧南市,34.8847684,136.9933787,"https://www.google.com/maps/place/%E7%A2%A7%E5%8D%97%E5%B8%82%E5%BD%B9%E6%89%80/@34.8847684,136.9933787,15z/data=!4m5!3m4!1s0x0:0xa9084db74889a6f5!8m2!3d34.8847684!4d136.9933787"
別府市,33.284851,131.491628,"https://www.google.com/maps/place/%E5%88%A5%E5%BA%9C%E5%B8%82%E5%BD%B9%E6%89%80/@33.2846495,131.4891393,17z/data=!3m1!4b1!4m5!3m4!1s0x3546a6facb43c68b:0x786640dcb0e9b2f0!8m2!3d33.284645!4d131.491328"
宝塚健康福祉事務所管内,34.796018,135.355332,"https://www.google.com/maps/place/%E3%80%92665-0034+%E5%85%B5%E5%BA%AB%E7%9C%8C%E5%AE%9D%E5%A1%9A%E5%B8%82%E5%B0%8F%E6%9E%97%EF%BC%93%E4%B8%81%E7%9B%AE%EF%BC%95%E2%88%92%EF%BC%92%EF%BC%92+%E5%81%A5%E5%BA%B7%E7%A6%8F%E7%A5%89%E4%BA%8B%E5%8B%99%E6%89%80/@34.7960168,135.3531446,17z/data=!3m1!4b1!4m5!3m4!1s0x6000f47531065ceb:0x3ffc9903deb36d98!8m2!3d34.7960168!4d135.3553333"
宝塚市,34.799813,135.360275,"https://www.google.com/maps/place/%E5%AE%9D%E5%A1%9A%E5%B8%82%E5%BD%B9%E6%89%80/@34.7998101,135.3580866,17z/data=!3m1!4b1!4m5!3m4!1s0x6000f40bdbf5432b:0xa9aaea7ece8a4b5c!8m2!3d34.7998101!4d135.3602753"
豊橋市,34.7691101,137.391602,"https://www.google.com/maps/place/%E8%B1%8A%E6%A9%8B%E5%B8%82%E5%BD%B9%E6%89%80/@34.7691101,137.3916024,15z/data=!4m5!3m4!1s0x0:0x69bdf9fa17314244!8m2!3d34.7691101!4d137.3916024"
豊見城市,26.1772,127.681334,"https://www.google.com/maps/place/%E8%B1%8A%E8%A6%8B%E5%9F%8E%E5%B8%82%E5%BD%B9%E6%89%80/@26.1771039,127.6791027,17z/data=!3m1!4b1!4m5!3m4!1s0x34e5686fdc0b6e33:0xd81b62a94bcf081c!8m2!3d26.1771039!4d127.6812914"
豊前市,33.611513,131.1300496,"https://www.google.com/maps/place/%E8%B1%8A%E5%89%8D%E5%B8%82%E5%BD%B9%E6%89%80/@33.611513,131.1300496,15z/data=!4m5!3m4!1s0x0:0xbe3d926c6310079e!8m2!3d33.611513!4d131.1300496"
豊中市,34.781108,135.469965,"https://www.google.com/maps/place/%E8%B1%8A%E4%B8%AD%E5%B8%82%E5%BD%B9%E6%89%80/@34.7811057,135.467776,17z/data=!3m1!4b1!4m5!3m4!1s0x6000fac9f2ea326b:0x9dca827102ea824e!8m2!3d34.7811057!4d135.4699647"
豊田市,35.082509,137.15608,"https://www.google.com/maps/place/%E8%B1%8A%E7%94%B0%E5%B8%82%E5%BD%B9%E6%89%80/@35.0825083,137.153891,17z/data=!3m1!4b1!4m5!3m4!1s0x6004a0409a8cfd29:0x886972e65f32305d!8m2!3d35.0825083!4d137.1560797"
豊明市,35.0538505,137.0130516,"https://www.google.com/maps/place/%E8%B1%8A%E6%98%8E%E5%B8%82%E5%BD%B9%E6%89%80/@35.0538505,137.0130516,15z/data=!4m5!3m4!1s0x0:0xc7bf857203c357f6!8m2!3d35.0538505!4d137.0130516"
北海道,43.064868,141.346879,"https://www.google.com/maps/search/%E5%8C%97%E6%B5%B7%E9%81%93%E5%BA%81/@43.0639979,141.3456562,17z/data=!3m1!4b1"
北九州市,33.883324,130.875176,"https://www.google.com/maps/place/%E5%8C%97%E4%B9%9D%E5%B7%9E%E5%B8%82%E5%BD%B9%E6%89%80/@33.88332,130.8729862,17z/data=!3m1!4b1!4m5!3m4!1s0x3543b8ada7ba0895:0xce71899636b79f06!8m2!3d33.88332!4d130.8751749"
北九州市戸畑区,33.893508,130.829828,"https://www.google.com/maps/place/%E5%8C%97%E4%B9%9D%E5%B7%9E%E5%B8%82+%E6%88%B8%E7%95%91%E5%8C%BA%E5%BD%B9%E6%89%80/@33.893508,130.829828,15z/data=!4m5!3m4!1s0x0:0x3dd27d2678ea9fef!8m2!3d33.893508!4d130.829828"
北九州市若松区,33.905462,130.811298,"https://www.google.com/maps/place/%E5%8C%97%E4%B9%9D%E5%B7%9E%E5%B8%82+%E8%8B%A5%E6%9D%BE%E5%8C%BA%E5%BD%B9%E6%89%80/@33.905462,130.811298,15z/data=!4m5!3m4!1s0x0:0x9d06e70feabb6f1c!8m2!3d33.905462!4d130.811298"
北九州市小倉南区,33.846738,130.885233,"https://www.google.com/maps/place/%E5%8C%97%E4%B9%9D%E5%B7%9E%E5%B8%82+%E5%B0%8F%E5%80%89%E5%8D%97%E5%8C%BA%E5%BD%B9%E6%89%80/@33.8465376,130.8826155,17z/data=!3m1!4b1!4m5!3m4!1s0x3543c0cef9e02c25:0xa7c2b807277c7a16!8m2!3d33.8465332!4d130.8848042"
北九州市小倉北区,33.880742,130.873626,"https://www.google.com/maps/place/%E5%8C%97%E4%B9%9D%E5%B7%9E%E5%B8%82+%E5%B0%8F%E5%80%89%E5%8C%97%E5%8C%BA%E5%BD%B9%E6%89%80/@33.8807377,130.8714372,17z/data=!3m1!4b1!4m5!3m4!1s0x3543b8abf3bf1477:0x5b38eac491b296d8!8m2!3d33.8807377!4d130.8736259"
北九州市八幡西区,33.8665048,130.7651675,"https://www.google.com/maps/place/%E5%8C%97%E4%B9%9D%E5%B7%9E%E5%B8%82+%E5%85%AB%E5%B9%A1%E8%A5%BF%E5%8C%BA%E5%BD%B9%E6%89%80/@33.8665048,130.7651675,15z/data=!4m5!3m4!1s0x0:0x2a1fc704cbc0b58!8m2!3d33.8665048!4d130.7651675"
北九州市門司区,33.941241,130.959546,"https://www.google.com/maps/place/%E5%8C%97%E4%B9%9D%E5%B7%9E%E5%B8%82+%E9%96%80%E5%8F%B8%E5%8C%BA%E5%BD%B9%E6%89%80/@33.941241,130.959546,15z/data=!4m5!3m4!1s0x0:0x47a9c62c792af73c!8m2!3d33.941241!4d130.959546"
北名古屋市,35.2455893,136.866127,"https://www.google.com/maps/place/%E5%8C%97%E5%90%8D%E5%8F%A4%E5%B1%8B%E5%B8%82%E5%BD%B9%E6%89%80+%E8%A5%BF%E5%BA%81%E8%88%8E/@35.2455893,136.866127,15z/data=!4m5!3m4!1s0x0:0x114d236aad2e10bb!8m2!3d35.2455893!4d136.866127"
枚方市,34.814723,135.651289,"https://www.google.com/maps/place/%E6%9E%9A%E6%96%B9%E5%B8%82%E5%BD%B9%E6%89%80/@34.814721,135.6491003,17z/data=!3m1!4b1!4m5!3m4!1s0x60011c44dbd25b89:0xbf3de3de32d202bb!8m2!3d34.814721!4d135.651289"
箕面市,34.826941,135.470481,"https://www.google.com/maps/place/%E7%AE%95%E9%9D%A2%E5%B8%82%E5%BD%B9%E6%89%80/@34.8269387,135.4682934,17z/data=!3m1!4b1!4m5!3m4!1s0x6000fa41a4a6c88d:0x3585ff334b859b82!8m2!3d34.8269387!4d135.4704821"
霧島市,31.7410299,130.7608142,"https://www.google.com/maps/place/Kirishima+City+Hall/@31.7410299,130.7608142,17z/data=!3m1!4b1!4m5!3m4!1s0x353efc82466e7705:0x1ac942cf8690dd11!8m2!3d31.7410254!4d130.7630029"
名古屋市,35.181451,136.906694,"https://www.google.com/maps/place/%E5%90%8D%E5%8F%A4%E5%B1%8B%E5%B8%82%E5%BD%B9%E6%89%80/@35.1814508,136.9045057,17z/data=!3m1!4b1!4m5!3m4!1s0x6003712dbfa2718f:0x6dc8f7587fe509fd!8m2!3d35.1814508!4d136.9066944"
明石市,34.7476651,135.0213602,"https://www.google.com/maps/place/%E6%98%8E%E7%9F%B3%E5%B8%82%E5%BD%B9%E6%89%80/@34.7476651,135.0213602,11z/data=!4m8!1m2!2m1!1z5piO55-z5biC5biC5b255omA!3m4!1s0x3554d4b39a5bfae7:0x636eefcc0ed05a48!8m2!3d34.6431959!4d134.997404"
木更津市,35.385906,139.936062,"https://www.google.com/maps/search/%E6%9C%A8%E6%9B%B4%E6%B4%A5%E5%B8%82%E5%BD%B9%E6%89%80/@35.3916102,139.8728933,12z/data=!3m1!4b1"
門真市,34.73958,135.586983,"https://www.google.com/maps/place/%E9%96%80%E7%9C%9F%E5%B8%82%E5%BD%B9%E6%89%80/@34.7395785,135.5847963,17z/data=!3m1!4b1!4m5!3m4!1s0x6000e1c22cbbe2b5:0xafb4d5a76b5212a9!8m2!3d34.7395785!4d135.586985"
野洲市,35.0675341,136.0235707,"https://www.google.com/maps/place/%E9%87%8E%E6%B4%B2%E5%B8%82%E5%BD%B9%E6%89%80/@35.0675341,136.0235707,17z/data=!4m5!3m4!1s0x600170f85d178fb1:0x8a8db15214ff0e77!8m2!3d35.0675297!4d136.0257594"
柳川市,33.163069,130.405739,"https://www.google.com/maps/place/%E6%9F%B3%E5%B7%9D%E5%B8%82%E5%BD%B9%E6%89%80+%E6%9F%B3%E5%B7%9D%E5%BA%81%E8%88%8E/@33.163069,130.405739,15z/data=!4m5!3m4!1s0x0:0x1c8534135e3e6f4a!8m2!3d33.163069!4d130.405739"
有田町,33.2105815,129.8468233,"https://www.google.com/maps/place/%E6%9C%89%E7%94%B0%E7%94%BA%E5%BD%B9%E5%A0%B4/@33.2105815,129.8468233,17z/data=!3m1!4b1!4m5!3m4!1s0x356a9add1e01bedd:0xd5fea3059941a4f!8m2!3d33.210577!4d129.849012"
里庄町,34.5138577,133.5568005,"https://www.google.com/maps/place/%E9%87%8C%E5%BA%84%E7%94%BA%E5%BD%B9%E5%A0%B4/@34.5138577,133.5568005,21z/data=!4m5!3m4!1s0x0:0xe833b2510f3b9680!8m2!3d34.513817!4d133.5568455"
龍ケ崎市,35.911725,140.182753,"https://www.google.com/maps/place/%E9%BE%8D%E3%82%B1%E5%B4%8E%E5%B8%82%E5%BD%B9%E6%89%80/@35.9115643,140.180082,17z/data=!3m1!4b1!4m5!3m4!1s0x60227ab35f495a81:0x10cfde3d7c7e41aa!8m2!3d35.91156!4d140.1822707"
蓮田市,35.994719,139.662532,"https://www.google.com/maps/place/%E8%93%AE%E7%94%B0%E5%B8%82%E5%BD%B9%E6%89%80/@35.9945411,139.6600002,17z/data=!3m1!4b1!4m5!3m4!1s0x6018c7c7b4074cc7:0xe46f81f4c7e78063!8m2!3d35.9945368!4d139.6621889"
和歌山市,34.230355,135.170872,"https://www.google.com/maps/place/%E3%80%92640-8156+%E5%92%8C%E6%AD%8C%E5%B1%B1%E7%9C%8C%E5%92%8C%E6%AD%8C%E5%B1%B1%E5%B8%82%E4%B8%83%E7%95%AA%E4%B8%81%EF%BC%92%EF%BC%93%E2%88%92%EF%BC%91+%E5%92%8C%E6%AD%8C%E5%B1%B1%E5%B8%82%E5%BD%B9%E6%89%80/@34.2303515,135.1686829,17z/data=!3m1!4b1!4m5!3m4!1s0x6000b2ea5dd6a0f3:0x25c91552a974216e!8m2!3d34.2303515!4d135.1708716"
和光市,36.019282,139.677549,"https://www.google.com/maps/place/%E5%92%8C%E5%85%89%E5%B8%82%E5%BD%B9%E6%89%80/@35.7812002,139.6035827,17z/data=!3m1!4b1!4m5!3m4!1s0x6018e95938e9bdbd:0xa7b8c6a8ce61616d!8m2!3d35.7811959!4d139.6057714"
和泉市,34.48367,135.423695,"https://www.google.com/maps/place/%E5%92%8C%E6%B3%89%E5%B8%82%E5%BD%B9%E6%89%80/@34.4836684,135.4215075,17z/data=!3m1!4b1!4m5!3m4!1s0x6000c56e7be7102f:0xfa37a4c9b3a6b415!8m2!3d34.4836684!4d135.4236962"
檜山振興局管内（せたな町）,42.417687,139.883265,"https://www.google.com/maps/place/%E3%81%9B%E3%81%9F%E3%81%AA%E7%94%BA%E5%BD%B9%E5%A0%B4/@42.4174893,139.8806044,17z/data=!3m1!4b1!4m5!3m4!1s0x5fa02b17dc5423c9:0x89e1574ada32dbd9!8m2!3d42.4174893!4d139.8827931"
諫早市,32.8435945,130.0510684,"https://www.google.com/maps/place/Isahaya+City+Hall/@32.8435945,130.0510684,17z/data=!3m1!4b1!4m5!3m4!1s0x3540035278054e43:0xd00f498365ce1cd7!8m2!3d32.84359!4d130.0532571"